a,b,theta,E,E_p1,E_t,machine_type,status,file_name
6.3,7.3,5,-63.11004868,-3.338121021,-14.10845166,2,Done,hexacene_theta=5_a=6.3_b=7.3_cx=0_cy=0_cz=0_A1=0_A2=0.log
6.4,7.2,5,-63.36772938,-3.300231968,-14.19181636,2,Done,hexacene_theta=5_a=6.4_b=7.2_cx=0_cy=0_cz=0_A1=0_A2=0.log
6.3,7.2,5,-63.10357278,-3.300231968,-14.12577721,2,Done,hexacene_theta=5_a=6.3_b=7.2_cx=0_cy=0_cz=0_A1=0_A2=0.log
6.4,7.3,5,-63.24192616,-3.338121021,-14.14142103,2,Done,hexacene_theta=5_a=6.4_b=7.3_cx=0_cy=0_cz=0_A1=0_A2=0.log
6.3,7.4,5,-62.79177562,-3.232561289,-14.08166326,2,Done,hexacene_theta=5_a=6.3_b=7.4_cx=0_cy=0_cz=0_A1=0_A2=0.log
6.2,7.3,5,-62.42382884,-3.338121021,-13.9368967,2,Done,hexacene_theta=5_a=6.2_b=7.3_cx=0_cy=0_cz=0_A1=0_A2=0.log
6.2,7.4,5,-62.25994834,-3.232561289,-13.94870644,2,Done,hexacene_theta=5_a=6.2_b=7.4_cx=0_cy=0_cz=0_A1=0_A2=0.log
6.2,7.2,5,-62.25538006,-3.300231968,-13.91372903,2,Done,hexacene_theta=5_a=6.2_b=7.2_cx=0_cy=0_cz=0_A1=0_A2=0.log
6.4,7.4,5,-62.79787498,-3.232561289,-14.0831881,2,Done,hexacene_theta=5_a=6.4_b=7.4_cx=0_cy=0_cz=0_A1=0_A2=0.log
6.5,7.3,5,-62.92227256,-3.338121021,-14.06150763,2,Done,hexacene_theta=5_a=6.5_b=7.3_cx=0_cy=0_cz=0_A1=0_A2=0.log
6.3,7.5,5,-62.22917524,-3.023111001,-14.04573831,2,Done,hexacene_theta=5_a=6.3_b=7.5_cx=0_cy=0_cz=0_A1=0_A2=0.log
6.5,7.4,5,-62.3779453,-3.232561289,-13.97820568,2,Done,hexacene_theta=5_a=6.5_b=7.4_cx=0_cy=0_cz=0_A1=0_A2=0.log
6.4,7.5,5,-62.11562104,-3.023111001,-14.01734976,2,Done,hexacene_theta=5_a=6.4_b=7.5_cx=0_cy=0_cz=0_A1=0_A2=0.log
6.5,7.5,5,-61.60106284,-3.023111001,-13.88871021,2,Done,hexacene_theta=5_a=6.5_b=7.5_cx=0_cy=0_cz=0_A1=0_A2=0.log
6.4,7.6,5,-61.29641925,-2.759782705,-13.94421346,2,Done,hexacene_theta=5_a=6.4_b=7.6_cx=0_cy=0_cz=0_A1=0_A2=0.log
6.6,7.4,5,-61.61875862,-3.232561289,-13.78840901,2,Done,hexacene_theta=5_a=6.6_b=7.4_cx=0_cy=0_cz=0_A1=0_A2=0.log
6.5,7.6,5,-60.69288017,-2.759782705,-13.79332869,2,Done,hexacene_theta=5_a=6.5_b=7.6_cx=0_cy=0_cz=0_A1=0_A2=0.log
6.6,7.5,5,-60.76968736,-3.023111001,-13.68086634,2,Done,hexacene_theta=5_a=6.6_b=7.5_cx=0_cy=0_cz=0_A1=0_A2=0.log
6.6,7.6,5,-59.79426073,-2.759782705,-13.56867383,2,Done,hexacene_theta=5_a=6.6_b=7.6_cx=0_cy=0_cz=0_A1=0_A2=0.log
3.9,12.2,5,-58.24085973,-12.66115632,-8.229636772,2,Done,hexacene_theta=5_a=3.9_b=12.2_cx=0_cy=0_cz=0_A1=0_A2=0.log
3.9,12.1,5,-58.19018202,-12.66115632,-8.216967346,2,Done,hexacene_theta=5_a=3.9_b=12.1_cx=0_cy=0_cz=0_A1=0_A2=0.log
3.9,12.3,5,-58.08491094,-12.66115632,-8.190649576,2,Done,hexacene_theta=5_a=3.9_b=12.3_cx=0_cy=0_cz=0_A1=0_A2=0.log
4,12.1,5,-58.03558865,-11.93419853,-8.541797897,1,Done,hexacene_theta=5_a=4.0_b=12.1_cx=0_cy=0_cz=0_A1=0_A2=0.log
3.8,12.3,5,-57.96361326,-13.14292712,-7.919439754,2,Done,hexacene_theta=5_a=3.8_b=12.3_cx=0_cy=0_cz=0_A1=0_A2=0.log
3.8,12.2,5,-57.8535731,-13.14292712,-7.891929716,2,Done,hexacene_theta=5_a=3.8_b=12.2_cx=0_cy=0_cz=0_A1=0_A2=0.log
3.8,12.4,5,-57.86047571,-13.14292712,-7.893655368,2,Done,hexacene_theta=5_a=3.8_b=12.4_cx=0_cy=0_cz=0_A1=0_A2=0.log
4,12.2,5,-57.82185874,-11.93419853,-8.488365421,2,Done,hexacene_theta=5_a=4.0_b=12.2_cx=0_cy=0_cz=0_A1=0_A2=0.log
3.9,12.4,5,-57.75368607,-12.66115632,-8.107843357,2,Done,hexacene_theta=5_a=3.9_b=12.4_cx=0_cy=0_cz=0_A1=0_A2=0.log
3.8,12.5,5,-57.5773432,-13.14292712,-7.82287224,2,Done,hexacene_theta=5_a=3.8_b=12.5_cx=0_cy=0_cz=0_A1=0_A2=0.log
3.8,12.1,5,-57.49400987,-13.14292712,-7.802038908,2,Done,hexacene_theta=5_a=3.8_b=12.1_cx=0_cy=0_cz=0_A1=0_A2=0.log
4,12.3,5,-57.43860074,-11.93419853,-8.392550919,2,Done,hexacene_theta=5_a=4.0_b=12.3_cx=0_cy=0_cz=0_A1=0_A2=0.log
3.9,12.5,5,-57.27547324,-12.66115632,-7.988290151,2,Done,hexacene_theta=5_a=3.9_b=12.5_cx=0_cy=0_cz=0_A1=0_A2=0.log
3.8,12.6,5,-57.14370869,-13.14292712,-7.714463613,2,Done,hexacene_theta=5_a=3.8_b=12.6_cx=0_cy=0_cz=0_A1=0_A2=0.log
3.7,12.4,5,-56.97099285,-13.25813796,-7.613679232,2,Done,hexacene_theta=5_a=3.7_b=12.4_cx=0_cy=0_cz=0_A1=0_A2=0.log
4,12.4,5,-56.91282266,-11.93419853,-8.261106399,2,Done,hexacene_theta=5_a=4.0_b=12.4_cx=0_cy=0_cz=0_A1=0_A2=0.log
3.7,12.5,5,-56.91504406,-13.25813796,-7.599692034,2,Done,hexacene_theta=5_a=3.7_b=12.5_cx=0_cy=0_cz=0_A1=0_A2=0.log
3.7,12.3,5,-56.80851796,-13.25813796,-7.573060509,2,Done,hexacene_theta=5_a=3.7_b=12.3_cx=0_cy=0_cz=0_A1=0_A2=0.log
3.7,12.6,5,-56.67553604,-13.25813796,-7.539815029,2,Done,hexacene_theta=5_a=3.7_b=12.6_cx=0_cy=0_cz=0_A1=0_A2=0.log
3.9,12.6,5,-56.67519718,-12.66115632,-7.838221135,2,Done,hexacene_theta=5_a=3.9_b=12.6_cx=0_cy=0_cz=0_A1=0_A2=0.log
3.8,12.7,5,-56.58527499,-13.14292712,-7.574855188,2,Done,hexacene_theta=5_a=3.8_b=12.7_cx=0_cy=0_cz=0_A1=0_A2=0.log
3.7,12.7,5,-56.28309128,-13.25813796,-7.441703841,2,Done,hexacene_theta=5_a=3.7_b=12.7_cx=0_cy=0_cz=0_A1=0_A2=0.log
3.9,12.7,5,-55.97444421,-12.66115632,-7.663032893,2,Done,hexacene_theta=5_a=3.9_b=12.7_cx=0_cy=0_cz=0_A1=0_A2=0.log
3.8,12.8,5,-55.92387945,-13.14292712,-7.409506303,2,Done,hexacene_theta=5_a=3.8_b=12.8_cx=0_cy=0_cz=0_A1=0_A2=0.log
3.7,12.8,5,-55.76373891,-13.25813796,-7.311865747,2,Done,hexacene_theta=5_a=3.7_b=12.8_cx=0_cy=0_cz=0_A1=0_A2=0.log
3.9,12.8,5,-55.19148744,-12.66115632,-7.467293699,2,Done,hexacene_theta=5_a=3.9_b=12.8_cx=0_cy=0_cz=0_A1=0_A2=0.log
3.8,12.9,5,-55.17782026,-13.14292712,-7.222991506,1,Done,hexacene_theta=5_a=3.8_b=12.9_cx=0_cy=0_cz=0_A1=0_A2=0.log
3.7,12.9,5,-55.13946686,-13.25813796,-7.155797735,1,Done,hexacene_theta=5_a=3.7_b=12.9_cx=0_cy=0_cz=0_A1=0_A2=0.log
3.7,13,5,-54.42859843,-13.25813796,-6.978080628,1,Done,hexacene_theta=5_a=3.7_b=13.0_cx=0_cy=0_cz=0_A1=0_A2=0.log
3.8,13,5,-54.36250907,-13.14292712,-7.019163707,1,Done,hexacene_theta=5_a=3.8_b=13.0_cx=0_cy=0_cz=0_A1=0_A2=0.log
3.9,12.9,5,-54.3417887,-12.66115632,-7.254869014,2,Done,hexacene_theta=5_a=3.9_b=12.9_cx=0_cy=0_cz=0_A1=0_A2=0.log
3.6,12.9,5,-53.74324456,-12.76971555,-7.050953364,1,Done,hexacene_theta=5_a=3.6_b=12.9_cx=0_cy=0_cz=0_A1=0_A2=0.log
3.7,13.1,5,-53.64649507,-13.25813796,-6.782554787,1,Done,hexacene_theta=5_a=3.7_b=13.1_cx=0_cy=0_cz=0_A1=0_A2=0.log
3.8,13.1,5,-53.49134949,-13.14292712,-6.801373812,2,Done,hexacene_theta=5_a=3.8_b=13.1_cx=0_cy=0_cz=0_A1=0_A2=0.log
3.9,13,5,-53.4387265,-12.66115632,-7.029103466,2,Done,hexacene_theta=5_a=3.9_b=13.0_cx=0_cy=0_cz=0_A1=0_A2=0.log
3.6,13,5,-53.15351066,-12.76971555,-6.903519889,1,Done,hexacene_theta=5_a=3.6_b=13.0_cx=0_cy=0_cz=0_A1=0_A2=0.log
3.7,13.2,5,-52.80625918,-13.25813796,-6.572495814,1,Done,hexacene_theta=5_a=3.7_b=13.2_cx=0_cy=0_cz=0_A1=0_A2=0.log
3.6,13.1,5,-52.47577476,-12.76971555,-6.734085914,1,Done,hexacene_theta=5_a=3.6_b=13.1_cx=0_cy=0_cz=0_A1=0_A2=0.log
3.6,13.2,5,-51.725072,-12.76971555,-6.546410224,1,Done,hexacene_theta=5_a=3.6_b=13.2_cx=0_cy=0_cz=0_A1=0_A2=0.log
3.6,13.3,5,-50.91427887,-12.76971555,-6.343711943,1,Done,hexacene_theta=5_a=3.6_b=13.3_cx=0_cy=0_cz=0_A1=0_A2=0.log
3.5,13,5,-49.68836279,-11.25694582,-6.793617788,1,Done,hexacene_theta=5_a=3.5_b=13.0_cx=0_cy=0_cz=0_A1=0_A2=0.log
3.5,13.1,5,-49.1303056,-11.25694582,-6.65410349,1,Done,hexacene_theta=5_a=3.5_b=13.1_cx=0_cy=0_cz=0_A1=0_A2=0.log
3.5,13.2,5,-48.48319219,-11.25694582,-6.492325137,1,Done,hexacene_theta=5_a=3.5_b=13.2_cx=0_cy=0_cz=0_A1=0_A2=0.log
3.5,13.3,5,-47.76168119,-11.25694582,-6.311947387,1,Done,hexacene_theta=5_a=3.5_b=13.3_cx=0_cy=0_cz=0_A1=0_A2=0.log
3.4,13.1,5,-42.53886525,-8.187116695,-6.541157965,1,Done,hexacene_theta=5_a=3.4_b=13.1_cx=0_cy=0_cz=0_A1=0_A2=0.log
3.4,13.2,5,-42.00929701,-8.187116695,-6.408765905,1,Done,hexacene_theta=5_a=3.4_b=13.2_cx=0_cy=0_cz=0_A1=0_A2=0.log
3.4,13.3,5,-41.38994464,-8.187116695,-6.253927813,1,Done,hexacene_theta=5_a=3.4_b=13.3_cx=0_cy=0_cz=0_A1=0_A2=0.log
6.6,7.3,10,-65.20409974,-4.11988553,-14.24108217,1,Done,hexacene_theta=10_a=6.6_b=7.3_cx=0_cy=0_cz=0_A1=0_A2=0.log
3.5,13.1,10,-26.36248576,-0.0266629,-6.577289991,1,Done,hexacene_theta=10_a=3.5_b=13.1_cx=0_cy=0_cz=0_A1=0_A2=0.log
6.5,7.2,10,-66.71085165,-4.405653584,-14.47488612,2,Done,hexacene_theta=10_a=6.5_b=7.2_cx=0_cy=0_cz=0_A1=0_A2=0.log
6.5,7.3,10,-65.74217702,-4.11988553,-14.37560149,1,Done,hexacene_theta=10_a=6.5_b=7.3_cx=0_cy=0_cz=0_A1=0_A2=0.log
6.5,7.4,10,-64.64074636,-3.777767078,-14.27130305,1,Done,hexacene_theta=10_a=6.5_b=7.4_cx=0_cy=0_cz=0_A1=0_A2=0.log
6.6,7.2,10,-66.25522921,-4.405653584,-14.36098051,1,Done,hexacene_theta=10_a=6.6_b=7.2_cx=0_cy=0_cz=0_A1=0_A2=0.log
6.6,7.4,10,-64.02438096,-3.777767078,-14.1172117,1,Done,hexacene_theta=10_a=6.6_b=7.4_cx=0_cy=0_cz=0_A1=0_A2=0.log
6.7,7.2,10,-65.44950637,-4.405653584,-14.1595498,1,Done,hexacene_theta=10_a=6.7_b=7.2_cx=0_cy=0_cz=0_A1=0_A2=0.log
6.7,7.3,10,-64.33693114,-4.11988553,-14.02429002,1,Done,hexacene_theta=10_a=6.7_b=7.3_cx=0_cy=0_cz=0_A1=0_A2=0.log
6.7,7.4,10,-63.09950652,-3.777767078,-13.88599309,1,Done,hexacene_theta=10_a=6.7_b=7.4_cx=0_cy=0_cz=0_A1=0_A2=0.log
6.4,7.1,10,-67.35398666,-4.590725108,-14.54313411,1,Done,hexacene_theta=10_a=6.4_b=7.1_cx=0_cy=0_cz=0_A1=0_A2=0.log
6.4,7.2,10,-66.71946109,-4.405653584,-14.47703848,1,Done,hexacene_theta=10_a=6.4_b=7.2_cx=0_cy=0_cz=0_A1=0_A2=0.log
6.4,7.3,10,-65.85783966,-4.11988553,-14.40451715,1,Done,hexacene_theta=10_a=6.4_b=7.3_cx=0_cy=0_cz=0_A1=0_A2=0.log
6.5,7.1,10,-67.4570489,-4.590725108,-14.56889967,1,Done,hexacene_theta=10_a=6.5_b=7.1_cx=0_cy=0_cz=0_A1=0_A2=0.log
6.6,7.1,10,-67.08807302,-4.590725108,-14.4766557,1,Done,hexacene_theta=10_a=6.6_b=7.1_cx=0_cy=0_cz=0_A1=0_A2=0.log
6.3,7,10,-66.84906702,-4.637976611,-14.39327845,1,Done,hexacene_theta=10_a=6.3_b=7.0_cx=0_cy=0_cz=0_A1=0_A2=0.log
6.3,7.1,10,-66.66362526,-4.590725108,-14.37054376,1,Done,hexacene_theta=10_a=6.3_b=7.1_cx=0_cy=0_cz=0_A1=0_A2=0.log
6.3,7.2,10,-66.16946113,-4.405653584,-14.33953849,1,Done,hexacene_theta=10_a=6.3_b=7.2_cx=0_cy=0_cz=0_A1=0_A2=0.log
6.4,7,10,-67.68568842,-4.637976611,-14.6024338,1,Done,hexacene_theta=10_a=6.4_b=7.0_cx=0_cy=0_cz=0_A1=0_A2=0.log
6.5,7,10,-67.90544242,-4.637976611,-14.6573723,1,Done,hexacene_theta=10_a=6.5_b=7.0_cx=0_cy=0_cz=0_A1=0_A2=0.log
6.3,6.9,10,-66.62995308,-4.500859401,-14.40705857,1,Done,hexacene_theta=10_a=6.3_b=6.9_cx=0_cy=0_cz=0_A1=0_A2=0.log
6.4,6.9,10,-67.61971204,-4.500859401,-14.65449831,1,Done,hexacene_theta=10_a=6.4_b=6.9_cx=0_cy=0_cz=0_A1=0_A2=0.log
6.5,6.9,10,-67.96167988,-4.500859401,-14.73999027,1,Done,hexacene_theta=10_a=6.5_b=6.9_cx=0_cy=0_cz=0_A1=0_A2=0.log
6.4,6.8,10,-66.98737022,-4.096272328,-14.69870639,1,Done,hexacene_theta=10_a=6.4_b=6.8_cx=0_cy=0_cz=0_A1=0_A2=0.log
6.5,6.8,10,-67.4581031,-4.096272328,-14.81638961,1,Done,hexacene_theta=10_a=6.5_b=6.8_cx=0_cy=0_cz=0_A1=0_A2=0.log
6.6,6.8,10,-67.3760499,-4.096272328,-14.79587631,1,Done,hexacene_theta=10_a=6.6_b=6.8_cx=0_cy=0_cz=0_A1=0_A2=0.log
6.6,6.9,10,-67.77912468,-4.500859401,-14.69435147,1,Done,hexacene_theta=10_a=6.6_b=6.9_cx=0_cy=0_cz=0_A1=0_A2=0.log
6.6,7,10,-67.6273551,-4.637976611,-14.58785047,1,Done,hexacene_theta=10_a=6.6_b=7.0_cx=0_cy=0_cz=0_A1=0_A2=0.log
3.4,13,10,-45.25849359,-9.385811397,-6.621717699,1,Done,hexacene_theta=10_a=3.4_b=13.0_cx=0_cy=0_cz=0_A1=0_A2=0.log
3.4,13.1,10,-44.73570246,-9.385811397,-6.491019916,1,Done,hexacene_theta=10_a=3.4_b=13.1_cx=0_cy=0_cz=0_A1=0_A2=0.log
3.4,13.2,10,-44.11469346,-9.385811397,-6.335767667,2,Done,hexacene_theta=10_a=3.4_b=13.2_cx=0_cy=0_cz=0_A1=0_A2=0.log
3.5,13,10,-51.74394749,-12.39460262,-6.738685563,2,Done,hexacene_theta=10_a=3.5_b=13.0_cx=0_cy=0_cz=0_A1=0_A2=0.log
3.5,13.2,10,-50.37135722,-12.39460262,-6.395537994,2,Done,hexacene_theta=10_a=3.5_b=13.2_cx=0_cy=0_cz=0_A1=0_A2=0.log
3.6,13,10,-54.94148745,-13.82649259,-6.822125567,2,Done,hexacene_theta=10_a=3.6_b=13.0_cx=0_cy=0_cz=0_A1=0_A2=0.log
3.6,13.1,10,-54.18774754,-13.82649259,-6.633690589,2,Done,hexacene_theta=10_a=3.6_b=13.1_cx=0_cy=0_cz=0_A1=0_A2=0.log
3.6,13.2,10,-53.36859598,-13.82649259,-6.428902701,2,Done,hexacene_theta=10_a=3.6_b=13.2_cx=0_cy=0_cz=0_A1=0_A2=0.log
3.5,12.9,10,-52.29096051,-12.39460262,-6.875438817,2,Done,hexacene_theta=10_a=3.5_b=12.9_cx=0_cy=0_cz=0_A1=0_A2=0.log
3.6,12.9,10,-55.61430367,-13.82649259,-6.990329623,2,Done,hexacene_theta=10_a=3.6_b=12.9_cx=0_cy=0_cz=0_A1=0_A2=0.log
3.7,12.9,10,-56.72445672,-14.22390095,-7.069163704,2,Done,hexacene_theta=10_a=3.7_b=12.9_cx=0_cy=0_cz=0_A1=0_A2=0.log
3.7,13,10,-55.94197685,-14.22390095,-6.873543737,2,Done,hexacene_theta=10_a=3.7_b=13.0_cx=0_cy=0_cz=0_A1=0_A2=0.log
3.7,13.1,10,-55.09526505,-14.22390095,-6.661865788,2,Done,hexacene_theta=10_a=3.7_b=13.1_cx=0_cy=0_cz=0_A1=0_A2=0.log
3.6,12.8,10,-56.18855062,-13.82649259,-7.133891361,2,Done,hexacene_theta=10_a=3.6_b=12.8_cx=0_cy=0_cz=0_A1=0_A2=0.log
3.7,12.8,10,-57.42686631,-14.22390095,-7.244766103,2,Done,hexacene_theta=10_a=3.7_b=12.8_cx=0_cy=0_cz=0_A1=0_A2=0.log
3.8,12.8,10,-57.31432866,-14.02294087,-7.317111731,2,Done,hexacene_theta=10_a=3.8_b=12.8_cx=0_cy=0_cz=0_A1=0_A2=0.log
3.8,12.9,10,-56.50142711,-14.02294087,-7.113886342,2,Done,hexacene_theta=10_a=3.8_b=12.9_cx=0_cy=0_cz=0_A1=0_A2=0.log
3.8,13,10,-55.62584986,-14.02294087,-6.894992029,2,Done,hexacene_theta=10_a=3.8_b=13.0_cx=0_cy=0_cz=0_A1=0_A2=0.log
3.6,12.7,10,-56.64347027,-13.82649259,-7.247621273,2,Done,hexacene_theta=10_a=3.6_b=12.7_cx=0_cy=0_cz=0_A1=0_A2=0.log
3.7,12.7,10,-58.03105804,-14.22390095,-7.395814035,2,Done,hexacene_theta=10_a=3.7_b=12.7_cx=0_cy=0_cz=0_A1=0_A2=0.log
3.8,12.7,10,-58.04823926,-14.02294087,-7.500589379,2,Done,hexacene_theta=10_a=3.8_b=12.7_cx=0_cy=0_cz=0_A1=0_A2=0.log
3.7,12.6,10,-58.51607307,-14.22390095,-7.517067792,2,Done,hexacene_theta=10_a=3.7_b=12.6_cx=0_cy=0_cz=0_A1=0_A2=0.log
3.8,12.6,10,-58.6848858,-14.02294087,-7.659751016,2,Done,hexacene_theta=10_a=3.8_b=12.6_cx=0_cy=0_cz=0_A1=0_A2=0.log
3.9,12.6,10,-57.96632409,-13.47067559,-7.756243228,2,Done,hexacene_theta=10_a=3.9_b=12.6_cx=0_cy=0_cz=0_A1=0_A2=0.log
3.9,12.7,10,-57.19925587,-13.47067559,-7.564476172,2,Done,hexacene_theta=10_a=3.9_b=12.7_cx=0_cy=0_cz=0_A1=0_A2=0.log
3.9,12.8,10,-56.35490352,-13.47067559,-7.353388084,2,Done,hexacene_theta=10_a=3.9_b=12.8_cx=0_cy=0_cz=0_A1=0_A2=0.log
3.7,12.5,10,-58.85786522,-14.22390095,-7.602515829,2,Done,hexacene_theta=10_a=3.7_b=12.5_cx=0_cy=0_cz=0_A1=0_A2=0.log
3.8,12.5,10,-59.20328436,-14.02294087,-7.789350656,2,Done,hexacene_theta=10_a=3.8_b=12.5_cx=0_cy=0_cz=0_A1=0_A2=0.log
3.9,12.5,10,-58.63765939,-13.47067559,-7.924077053,2,Done,hexacene_theta=10_a=3.9_b=12.5_cx=0_cy=0_cz=0_A1=0_A2=0.log
3.7,12.4,10,-59.02852284,-14.22390095,-7.645180234,2,Done,hexacene_theta=10_a=3.7_b=12.4_cx=0_cy=0_cz=0_A1=0_A2=0.log
3.8,12.4,10,-59.57958956,-14.02294087,-7.883426955,2,Done,hexacene_theta=10_a=3.8_b=12.4_cx=0_cy=0_cz=0_A1=0_A2=0.log
3.9,12.4,10,-59.19245353,-13.47067559,-8.062775588,2,Done,hexacene_theta=10_a=3.9_b=12.4_cx=0_cy=0_cz=0_A1=0_A2=0.log
3.7,12.3,10,-58.99651982,-14.22390095,-7.637179481,2,Done,hexacene_theta=10_a=3.7_b=12.3_cx=0_cy=0_cz=0_A1=0_A2=0.log
3.8,12.3,10,-59.78666786,-14.02294087,-7.93519653,2,Done,hexacene_theta=10_a=3.8_b=12.3_cx=0_cy=0_cz=0_A1=0_A2=0.log
3.9,12.3,10,-59.60723764,-13.47067559,-8.166471616,2,Done,hexacene_theta=10_a=3.9_b=12.3_cx=0_cy=0_cz=0_A1=0_A2=0.log
3.7,12.2,10,-58.72699173,-14.22390095,-7.569797457,2,Done,hexacene_theta=10_a=3.7_b=12.2_cx=0_cy=0_cz=0_A1=0_A2=0.log
3.8,12.2,10,-59.79442388,-14.02294087,-7.937135536,2,Done,hexacene_theta=10_a=3.8_b=12.2_cx=0_cy=0_cz=0_A1=0_A2=0.log
3.9,12.2,10,-59.855832,-13.47067559,-8.228620206,2,Done,hexacene_theta=10_a=3.9_b=12.2_cx=0_cy=0_cz=0_A1=0_A2=0.log
3.8,12.1,10,-59.57000121,-14.02294087,-7.881029867,2,Done,hexacene_theta=10_a=3.8_b=12.1_cx=0_cy=0_cz=0_A1=0_A2=0.log
3.9,12.1,10,-59.90962216,-13.47067559,-8.242067746,2,Done,hexacene_theta=10_a=3.9_b=12.1_cx=0_cy=0_cz=0_A1=0_A2=0.log
4,12.1,10,-59.42819649,-12.66738749,-8.523355378,2,Done,hexacene_theta=10_a=4.0_b=12.1_cx=0_cy=0_cz=0_A1=0_A2=0.log
4,12.2,10,-59.1334676,-12.66738749,-8.449673154,2,Done,hexacene_theta=10_a=4.0_b=12.2_cx=0_cy=0_cz=0_A1=0_A2=0.log
4,12.3,10,-58.67653992,-12.66738749,-8.335441234,2,Done,hexacene_theta=10_a=4.0_b=12.3_cx=0_cy=0_cz=0_A1=0_A2=0.log
3.8,12,10,-59.07883658,-14.02294087,-7.75823871,2,Done,hexacene_theta=10_a=3.8_b=12.0_cx=0_cy=0_cz=0_A1=0_A2=0.log
3.9,12,10,-59.73798563,-13.47067559,-8.199158612,2,Done,hexacene_theta=10_a=3.9_b=12.0_cx=0_cy=0_cz=0_A1=0_A2=0.log
4,12,10,-59.53381898,-12.66738749,-8.549760999,2,Done,hexacene_theta=10_a=4.0_b=12.0_cx=0_cy=0_cz=0_A1=0_A2=0.log
3.6,12.6,15,-59.65790281,-15.21770736,-7.305622022,2,Done,hexacene_theta=15_a=3.6_b=12.6_cx=0_cy=0_cz=0_A1=0_A2=0.log
3.6,12.7,15,-59.16114079,-15.21770736,-7.181431518,2,Done,hexacene_theta=15_a=3.6_b=12.7_cx=0_cy=0_cz=0_A1=0_A2=0.log
3.6,12.8,15,-58.53947919,-15.21770736,-7.026016117,2,Done,hexacene_theta=15_a=3.6_b=12.8_cx=0_cy=0_cz=0_A1=0_A2=0.log
3.6,12.5,15,-60.00433853,-15.21770736,-7.392230953,2,Done,hexacene_theta=15_a=3.6_b=12.5_cx=0_cy=0_cz=0_A1=0_A2=0.log
3.6,12.4,15,-60.17221,-15.21770736,-7.434198821,2,Done,hexacene_theta=15_a=3.6_b=12.4_cx=0_cy=0_cz=0_A1=0_A2=0.log
3.7,12.7,15,-60.26545798,-15.57444679,-7.2791411,2,Done,hexacene_theta=15_a=3.7_b=12.7_cx=0_cy=0_cz=0_A1=0_A2=0.log
3.7,12.6,15,-60.90950914,-15.57444679,-7.440153891,2,Done,hexacene_theta=15_a=3.7_b=12.6_cx=0_cy=0_cz=0_A1=0_A2=0.log
3.7,12.8,15,-59.51834458,-15.57444679,-7.092362749,2,Done,hexacene_theta=15_a=3.7_b=12.8_cx=0_cy=0_cz=0_A1=0_A2=0.log
3.7,12.5,15,-61.4273806,-15.57444679,-7.569621754,2,Done,hexacene_theta=15_a=3.7_b=12.5_cx=0_cy=0_cz=0_A1=0_A2=0.log
3.7,12.4,15,-61.79374604,-15.57444679,-7.661213114,2,Done,hexacene_theta=15_a=3.7_b=12.4_cx=0_cy=0_cz=0_A1=0_A2=0.log
3.7,12.3,15,-61.98074402,-15.57444679,-7.707962609,2,Done,hexacene_theta=15_a=3.7_b=12.3_cx=0_cy=0_cz=0_A1=0_A2=0.log
3.7,12.2,15,-61.95755125,-15.57444679,-7.702164417,2,Done,hexacene_theta=15_a=3.7_b=12.2_cx=0_cy=0_cz=0_A1=0_A2=0.log
3.7,12.1,15,-61.6911105,-15.57444679,-7.63555423,2,Done,hexacene_theta=15_a=3.7_b=12.1_cx=0_cy=0_cz=0_A1=0_A2=0.log
3.7,12,15,-61.14720993,-15.57444679,-7.499579088,2,Done,hexacene_theta=15_a=3.7_b=12.0_cx=0_cy=0_cz=0_A1=0_A2=0.log
3.8,12.6,15,-60.68630386,-15.27679998,-7.533175974,2,Done,hexacene_theta=15_a=3.8_b=12.6_cx=0_cy=0_cz=0_A1=0_A2=0.log
3.8,12.7,15,-59.91441636,-15.27679998,-7.340204099,2,Done,hexacene_theta=15_a=3.8_b=12.7_cx=0_cy=0_cz=0_A1=0_A2=0.log
3.8,12.8,15,-59.06019954,-15.27679998,-7.126649895,2,Done,hexacene_theta=15_a=3.8_b=12.8_cx=0_cy=0_cz=0_A1=0_A2=0.log
3.8,12.5,15,-61.35480281,-15.27679998,-7.700300712,2,Done,hexacene_theta=15_a=3.8_b=12.5_cx=0_cy=0_cz=0_A1=0_A2=0.log
3.8,12.4,15,-61.89674554,-15.27679998,-7.835786396,2,Done,hexacene_theta=15_a=3.8_b=12.4_cx=0_cy=0_cz=0_A1=0_A2=0.log
3.8,12.3,15,-62.28698146,-15.27679998,-7.933345376,2,Done,hexacene_theta=15_a=3.8_b=12.3_cx=0_cy=0_cz=0_A1=0_A2=0.log
3.8,12.2,15,-62.49815113,-15.27679998,-7.986137792,2,Done,hexacene_theta=15_a=3.8_b=12.2_cx=0_cy=0_cz=0_A1=0_A2=0.log
3.8,12.1,15,-62.50078667,-15.27679998,-7.986796678,2,Done,hexacene_theta=15_a=3.8_b=12.1_cx=0_cy=0_cz=0_A1=0_A2=0.log
3.8,12,15,-62.2639644,-15.27679998,-7.927591109,2,Done,hexacene_theta=15_a=3.8_b=12.0_cx=0_cy=0_cz=0_A1=0_A2=0.log
3.9,12.3,15,-61.65965971,-14.62459746,-8.102616198,2,Done,hexacene_theta=15_a=3.9_b=12.3_cx=0_cy=0_cz=0_A1=0_A2=0.log
3.9,12.4,15,-61.09083445,-14.62459746,-7.960409882,2,Done,hexacene_theta=15_a=3.9_b=12.4_cx=0_cy=0_cz=0_A1=0_A2=0.log
3.9,12.5,15,-60.39595497,-14.62459746,-7.786690013,2,Done,hexacene_theta=15_a=3.9_b=12.5_cx=0_cy=0_cz=0_A1=0_A2=0.log
3.9,12.2,15,-62.07753117,-14.62459746,-8.207084063,2,Done,hexacene_theta=15_a=3.9_b=12.2_cx=0_cy=0_cz=0_A1=0_A2=0.log
3.9,12.1,15,-62.3178926,-14.62459746,-8.267174421,2,Done,hexacene_theta=15_a=3.9_b=12.1_cx=0_cy=0_cz=0_A1=0_A2=0.log
3.9,12,15,-62.35275706,-14.62459746,-8.275890535,2,Done,hexacene_theta=15_a=3.9_b=12.0_cx=0_cy=0_cz=0_A1=0_A2=0.log
6.5,6.8,15,-74.60684763,-6.638603993,-15.33240991,1,Done,hexacene_theta=15_a=6.5_b=6.8_cx=0_cy=0_cz=0_A1=0_A2=0.log
6.5,6.9,15,-73.52892351,-6.316032477,-15.22421464,1,Done,hexacene_theta=15_a=6.5_b=6.9_cx=0_cy=0_cz=0_A1=0_A2=0.log
6.5,7,15,-72.23710631,-5.899365837,-15.10959366,1,Done,hexacene_theta=15_a=6.5_b=7.0_cx=0_cy=0_cz=0_A1=0_A2=0.log
6.5,6.7,15,-75.36510563,-6.817707897,-15.43242246,1,Done,hexacene_theta=15_a=6.5_b=6.7_cx=0_cy=0_cz=0_A1=0_A2=0.log
6.5,6.6,15,-75.65191532,-6.781895901,-15.52203088,1,Done,hexacene_theta=15_a=6.5_b=6.6_cx=0_cy=0_cz=0_A1=0_A2=0.log
6.5,6.5,15,-75.22935012,-6.417764398,-15.59845533,1,Done,hexacene_theta=15_a=6.5_b=6.5_cx=0_cy=0_cz=0_A1=0_A2=0.log
6.6,6.9,15,-73.68768355,-6.316032477,-15.26390465,1,Done,hexacene_theta=15_a=6.6_b=6.9_cx=0_cy=0_cz=0_A1=0_A2=0.log
6.6,6.8,15,-74.87313779,-6.638603993,-15.39898245,1,Done,hexacene_theta=15_a=6.6_b=6.8_cx=0_cy=0_cz=0_A1=0_A2=0.log
6.6,7,15,-72.29415951,-5.899365837,-15.12385696,1,Done,hexacene_theta=15_a=6.6_b=7.0_cx=0_cy=0_cz=0_A1=0_A2=0.log
6.6,6.7,15,-75.74660659,-6.817707897,-15.5277977,1,Done,hexacene_theta=15_a=6.6_b=6.7_cx=0_cy=0_cz=0_A1=0_A2=0.log
6.6,6.6,15,-76.158592,-6.781895901,-15.64870005,1,Done,hexacene_theta=15_a=6.6_b=6.6_cx=0_cy=0_cz=0_A1=0_A2=0.log
6.6,6.5,15,-75.87410408,-6.417764398,-15.75964382,1,Done,hexacene_theta=15_a=6.6_b=6.5_cx=0_cy=0_cz=0_A1=0_A2=0.log
6.7,6.8,15,-74.59542695,-6.638603993,-15.32955474,1,Done,hexacene_theta=15_a=6.7_b=6.8_cx=0_cy=0_cz=0_A1=0_A2=0.log
6.7,6.9,15,-73.33007815,-6.316032477,-15.1745033,1,Done,hexacene_theta=15_a=6.7_b=6.9_cx=0_cy=0_cz=0_A1=0_A2=0.log
6.7,7,15,-71.86152903,-5.899365837,-15.01569934,1,Done,hexacene_theta=15_a=6.7_b=7.0_cx=0_cy=0_cz=0_A1=0_A2=0.log
6.7,6.7,15,-75.55443795,-6.817707897,-15.47975554,1,Done,hexacene_theta=15_a=6.7_b=6.7_cx=0_cy=0_cz=0_A1=0_A2=0.log
6.7,6.6,15,-76.05916932,-6.781895901,-15.62384438,1,Done,hexacene_theta=15_a=6.7_b=6.6_cx=0_cy=0_cz=0_A1=0_A2=0.log
6.7,6.5,15,-75.87689024,-6.417764398,-15.76034036,1,Done,hexacene_theta=15_a=6.7_b=6.5_cx=0_cy=0_cz=0_A1=0_A2=0.log
3.7,12.2,20,-64.65066102,-16.75324315,-7.786043679,2,Done,hexacene_theta=20_a=3.7_b=12.2_cx=0_cy=0_cz=0_A1=0_A2=0.log
3.7,12.3,20,-64.33730762,-16.75324315,-7.70770533,2,Done,hexacene_theta=20_a=3.7_b=12.3_cx=0_cy=0_cz=0_A1=0_A2=0.log
3.7,12.4,20,-63.84835183,-16.75324315,-7.585466382,2,Done,hexacene_theta=20_a=3.7_b=12.4_cx=0_cy=0_cz=0_A1=0_A2=0.log
3.7,12.1,20,-64.75831663,-16.75324315,-7.812957582,2,Done,hexacene_theta=20_a=3.7_b=12.1_cx=0_cy=0_cz=0_A1=0_A2=0.log
3.7,12,20,-64.62883623,-16.75323688,-7.780590617,2,Done,hexacene_theta=20_a=3.7_b=12.0_cx=0_cy=0_cz=0_A1=0_A2=0.log
3.7,11.9,20,-64.23007871,-16.75324315,-7.680898103,2,Done,hexacene_theta=20_a=3.7_b=11.9_cx=0_cy=0_cz=0_A1=0_A2=0.log
3.8,12.3,20,-64.51254606,-16.56833478,-7.843969126,2,Done,hexacene_theta=20_a=3.8_b=12.3_cx=0_cy=0_cz=0_A1=0_A2=0.log
3.8,12.2,20,-65.01344965,-16.56833478,-7.969195022,2,Done,hexacene_theta=20_a=3.8_b=12.2_cx=0_cy=0_cz=0_A1=0_A2=0.log
3.8,12.4,20,-63.86284731,-16.56833478,-7.681544438,2,Done,hexacene_theta=20_a=3.8_b=12.4_cx=0_cy=0_cz=0_A1=0_A2=0.log
3.8,12.1,20,-65.33714441,-16.56833478,-8.050118712,2,Done,hexacene_theta=20_a=3.8_b=12.1_cx=0_cy=0_cz=0_A1=0_A2=0.log
3.8,12,20,-65.45381107,-16.56833478,-8.079285377,2,Done,hexacene_theta=20_a=3.8_b=12.0_cx=0_cy=0_cz=0_A1=0_A2=0.log
3.8,11.9,20,-65.33425786,-16.56833478,-8.049397075,2,Done,hexacene_theta=20_a=3.8_b=11.9_cx=0_cy=0_cz=0_A1=0_A2=0.log
3.9,12.2,20,-64.3006485,-15.94548091,-8.10242167,2,Done,hexacene_theta=20_a=3.9_b=12.2_cx=0_cy=0_cz=0_A1=0_A2=0.log
3.9,12.3,20,-63.6356385,-15.94548091,-7.936169171,2,Done,hexacene_theta=20_a=3.9_b=12.3_cx=0_cy=0_cz=0_A1=0_A2=0.log
3.9,12.4,20,-62.84766165,-15.94548091,-7.739174957,2,Done,hexacene_theta=20_a=3.9_b=12.4_cx=0_cy=0_cz=0_A1=0_A2=0.log
3.9,12.1,20,-64.81575891,-15.94548091,-8.231199272,2,Done,hexacene_theta=20_a=3.9_b=12.1_cx=0_cy=0_cz=0_A1=0_A2=0.log
3.9,12,20,-65.15325889,-15.94548091,-8.315574267,2,Done,hexacene_theta=20_a=3.9_b=12.0_cx=0_cy=0_cz=0_A1=0_A2=0.log
3.9,11.9,20,-65.28491048,-15.94548091,-8.348487166,2,Done,hexacene_theta=20_a=3.9_b=11.9_cx=0_cy=0_cz=0_A1=0_A2=0.log
6.6,6.4,20,-83.03843595,-9.267099055,-16.12605946,1,Done,hexacene_theta=20_a=6.6_b=6.4_cx=0_cy=0_cz=0_A1=0_A2=0.log
6.6,6.5,20,-82.07676433,-8.852139243,-16.09312146,1,Done,hexacene_theta=20_a=6.6_b=6.5_cx=0_cy=0_cz=0_A1=0_A2=0.log
6.6,6.6,20,-80.72804452,-8.31358506,-16.0252186,1,Done,hexacene_theta=20_a=6.6_b=6.6_cx=0_cy=0_cz=0_A1=0_A2=0.log
6.7,6.5,20,-82.92267293,-8.852139243,-16.30459861,2,Done,hexacene_theta=20_a=6.7_b=6.5_cx=0_cy=0_cz=0_A1=0_A2=0.log
6.7,6.4,20,-84.10055939,-9.267099055,-16.39159032,1,Done,hexacene_theta=20_a=6.7_b=6.4_cx=0_cy=0_cz=0_A1=0_A2=0.log
6.7,6.6,20,-81.38524832,-8.31358506,-16.18951955,1,Done,hexacene_theta=20_a=6.7_b=6.6_cx=0_cy=0_cz=0_A1=0_A2=0.log
6.7,6.3,20,-84.71638513,-9.470167567,-16.4440125,1,Done,hexacene_theta=20_a=6.7_b=6.3_cx=0_cy=0_cz=0_A1=0_A2=0.log
6.7,6.2,20,-84.50195244,-9.341603318,-16.45468645,1,Done,hexacene_theta=20_a=6.7_b=6.2_cx=0_cy=0_cz=0_A1=0_A2=0.log
6.7,6.1,20,-83.12096605,-8.728582524,-16.41595025,1,Done,hexacene_theta=20_a=6.7_b=6.1_cx=0_cy=0_cz=0_A1=0_A2=0.log
6.8,6.4,20,-84.38979127,-9.267099055,-16.46389829,1,Done,hexacene_theta=20_a=6.8_b=6.4_cx=0_cy=0_cz=0_A1=0_A2=0.log
6.8,6.5,20,-83.04596609,-8.852139243,-16.3354219,1,Done,hexacene_theta=20_a=6.8_b=6.5_cx=0_cy=0_cz=0_A1=0_A2=0.log
6.8,6.6,20,-81.36594608,-8.31358506,-16.18469399,1,Done,hexacene_theta=20_a=6.8_b=6.6_cx=0_cy=0_cz=0_A1=0_A2=0.log
6.8,6.3,20,-85.19901561,-9.470167567,-16.56467012,1,Done,hexacene_theta=20_a=6.8_b=6.3_cx=0_cy=0_cz=0_A1=0_A2=0.log
6.8,6.2,20,-85.2097084,-9.341603318,-16.63162544,1,Done,hexacene_theta=20_a=6.8_b=6.2_cx=0_cy=0_cz=0_A1=0_A2=0.log
6.8,6.1,20,-84.08981641,-8.728582524,-16.65816284,1,Done,hexacene_theta=20_a=6.8_b=6.1_cx=0_cy=0_cz=0_A1=0_A2=0.log
6.9,6.3,20,-85.03003973,-9.470167567,-16.52242615,1,Done,hexacene_theta=20_a=6.9_b=6.3_cx=0_cy=0_cz=0_A1=0_A2=0.log
6.9,6.4,20,-84.07417887,-9.267099055,-16.38499519,1,Done,hexacene_theta=20_a=6.9_b=6.4_cx=0_cy=0_cz=0_A1=0_A2=0.log
6.9,6.5,20,-82.60675929,-8.852139243,-16.2256202,1,Done,hexacene_theta=20_a=6.9_b=6.5_cx=0_cy=0_cz=0_A1=0_A2=0.log
6.9,6.2,20,-85.21430176,-9.341603318,-16.63277378,1,Done,hexacene_theta=20_a=6.9_b=6.2_cx=0_cy=0_cz=0_A1=0_A2=0.log
6.9,6.1,20,-84.29885253,-8.728582524,-16.71042187,1,Done,hexacene_theta=20_a=6.9_b=6.1_cx=0_cy=0_cz=0_A1=0_A2=0.log
7.1,6,25,-89.05766248,-11.52680022,-16.50101551,1,Done,hexacene_theta=25_a=7.1_b=6.0_cx=0_cy=0_cz=0_A1=0_A2=0.log
7.2,5.9,25,-89.19645512,-11.69125176,-16.4534879,1,Done,hexacene_theta=25_a=7.2_b=5.9_cx=0_cy=0_cz=0_A1=0_A2=0.log
7.2,6,25,-89.18140744,-11.52680022,-16.53195175,1,Done,hexacene_theta=25_a=7.2_b=6.0_cx=0_cy=0_cz=0_A1=0_A2=0.log
7.1,5.9,25,-88.7482624,-11.69125176,-16.34143972,1,Done,hexacene_theta=25_a=7.1_b=5.9_cx=0_cy=0_cz=0_A1=0_A2=0.log
7.3,5.9,25,-89.05983364,-11.69125176,-16.41933253,1,Done,hexacene_theta=25_a=7.3_b=5.9_cx=0_cy=0_cz=0_A1=0_A2=0.log
7.1,6.1,25,-88.5226098,-11.08953242,-16.58588624,1,Done,hexacene_theta=25_a=7.1_b=6.1_cx=0_cy=0_cz=0_A1=0_A2=0.log
7,6,25,-88.27545872,-11.52680022,-16.30546457,1,Done,hexacene_theta=25_a=7.0_b=6.0_cx=0_cy=0_cz=0_A1=0_A2=0.log
7.3,6,25,-88.7769898,-11.52680022,-16.43084734,1,Done,hexacene_theta=25_a=7.3_b=6.0_cx=0_cy=0_cz=0_A1=0_A2=0.log
7,6.1,25,-88.07936184,-11.08953242,-16.47507425,1,Done,hexacene_theta=25_a=7.0_b=6.1_cx=0_cy=0_cz=0_A1=0_A2=0.log
7.2,6.1,25,-88.36558168,-11.08953242,-16.54662921,1,Done,hexacene_theta=25_a=7.2_b=6.1_cx=0_cy=0_cz=0_A1=0_A2=0.log
7.4,5.9,25,-88.4545626,-11.69125176,-16.26801477,1,Done,hexacene_theta=25_a=7.4_b=5.9_cx=0_cy=0_cz=0_A1=0_A2=0.log
7.3,5.8,25,-88.26718814,-11.43988381,-16.34685513,1,Done,hexacene_theta=25_a=7.3_b=5.8_cx=0_cy=0_cz=0_A1=0_A2=0.log
7.2,5.8,25,-88.09374438,-11.43988381,-16.30349419,1,Done,hexacene_theta=25_a=7.2_b=5.8_cx=0_cy=0_cz=0_A1=0_A2=0.log
7,5.9,25,-87.5805918,-11.69125176,-16.04952207,1,Done,hexacene_theta=25_a=7.0_b=5.9_cx=0_cy=0_cz=0_A1=0_A2=0.log
7.4,6,25,-87.9556294,-11.52680022,-16.22550724,1,Done,hexacene_theta=25_a=7.4_b=6.0_cx=0_cy=0_cz=0_A1=0_A2=0.log
7.4,5.8,25,-87.91683674,-11.43988381,-16.25926728,1,Done,hexacene_theta=25_a=7.4_b=5.8_cx=0_cy=0_cz=0_A1=0_A2=0.log
7.3,6.1,25,-87.733654,-11.08953242,-16.38864729,1,Done,hexacene_theta=25_a=7.3_b=6.1_cx=0_cy=0_cz=0_A1=0_A2=0.log
7.1,5.8,25,-87.27557174,-11.43988381,-16.09895103,1,Done,hexacene_theta=25_a=7.1_b=5.8_cx=0_cy=0_cz=0_A1=0_A2=0.log
7.5,5.9,25,-87.47956268,-11.69125176,-16.02426479,1,Done,hexacene_theta=25_a=7.5_b=5.9_cx=0_cy=0_cz=0_A1=0_A2=0.log
7.4,6.1,25,-86.73242416,-11.08953242,-16.13833983,1,Done,hexacene_theta=25_a=7.4_b=6.1_cx=0_cy=0_cz=0_A1=0_A2=0.log
7.5,6,25,-86.81049896,-11.52680022,-15.93922463,1,Done,hexacene_theta=25_a=7.5_b=6.0_cx=0_cy=0_cz=0_A1=0_A2=0.log
7.5,6.1,25,-85.44919132,-11.08953242,-15.81753162,1,Done,hexacene_theta=25_a=7.5_b=6.1_cx=0_cy=0_cz=0_A1=0_A2=0.log
3.9,11.7,25,-67.56698866,-16.86783276,-8.457830784,2,Done,hexacene_theta=25_a=3.9_b=11.7_cx=0_cy=0_cz=0_A1=0_A2=0.log
3.9,11.6,25,-67.45423766,-16.86783276,-8.429643035,2,Done,hexacene_theta=25_a=3.9_b=11.6_cx=0_cy=0_cz=0_A1=0_A2=0.log
3.9,11.8,25,-67.42989027,-16.86783276,-8.423556188,2,Done,hexacene_theta=25_a=3.9_b=11.8_cx=0_cy=0_cz=0_A1=0_A2=0.log
4,11.6,25,-67.18458406,-16.16951453,-8.71138875,2,Done,hexacene_theta=25_a=4.0_b=11.6_cx=0_cy=0_cz=0_A1=0_A2=0.log
3.8,11.8,25,-67.17751828,-17.17919694,-8.204781101,2,Done,hexacene_theta=25_a=3.8_b=11.8_cx=0_cy=0_cz=0_A1=0_A2=0.log
3.8,11.7,25,-67.06792994,-17.17919694,-8.177384015,2,Done,hexacene_theta=25_a=3.8_b=11.7_cx=0_cy=0_cz=0_A1=0_A2=0.log
4,11.7,25,-67.04582905,-16.16951453,-8.676699997,2,Done,hexacene_theta=25_a=4.0_b=11.7_cx=0_cy=0_cz=0_A1=0_A2=0.log
3.9,11.9,25,-67.07256098,-16.86783276,-8.334223864,1,Done,hexacene_theta=25_a=3.9_b=11.9_cx=0_cy=0_cz=0_A1=0_A2=0.log
3.8,11.9,25,-67.03698114,-17.17919694,-8.169646816,1,Done,hexacene_theta=25_a=3.8_b=11.9_cx=0_cy=0_cz=0_A1=0_A2=0.log
3.8,11.6,25,-66.67739282,-17.17919694,-8.079749734,2,Done,hexacene_theta=25_a=3.8_b=11.6_cx=0_cy=0_cz=0_A1=0_A2=0.log
4,11.8,25,-66.68719453,-16.16951453,-8.587041368,2,Done,hexacene_theta=25_a=4.0_b=11.8_cx=0_cy=0_cz=0_A1=0_A2=0.log
3.8,12,25,-66.67714181,-17.17919694,-8.079686983,1,Done,hexacene_theta=25_a=3.8_b=12.0_cx=0_cy=0_cz=0_A1=0_A2=0.log
3.9,12,25,-66.52482005,-16.86783276,-8.197288632,1,Done,hexacene_theta=25_a=3.9_b=12.0_cx=0_cy=0_cz=0_A1=0_A2=0.log
4,11.9,25,-66.13739537,-16.16951453,-8.449591578,1,Done,hexacene_theta=25_a=4.0_b=11.9_cx=0_cy=0_cz=0_A1=0_A2=0.log
3.8,12.1,25,-66.12904948,-17.17919694,-7.942663899,1,Done,hexacene_theta=25_a=3.8_b=12.1_cx=0_cy=0_cz=0_A1=0_A2=0.log
3.9,12.1,25,-65.81713937,-16.86783276,-8.020368463,1,Done,hexacene_theta=25_a=3.9_b=12.1_cx=0_cy=0_cz=0_A1=0_A2=0.log
4,12,25,-65.42584923,-16.16951453,-8.271705043,1,Done,hexacene_theta=25_a=4.0_b=12.0_cx=0_cy=0_cz=0_A1=0_A2=0.log
4,12.1,25,-64.58209928,-16.16951453,-8.060767556,2,Done,hexacene_theta=25_a=4.0_b=12.1_cx=0_cy=0_cz=0_A1=0_A2=0.log
3.9,11.6,30,-67.13891388,-16.51245502,-8.52850096,1,Done,hexacene_theta=30_a=3.9_b=11.6_cx=0_cy=0_cz=0_A1=0_A2=0.log
3.9,11.7,30,-66.63906452,-16.51245502,-8.403538619,1,Done,hexacene_theta=30_a=3.9_b=11.7_cx=0_cy=0_cz=0_A1=0_A2=0.log
3.9,11.8,30,-65.95522922,-16.51245502,-8.232579794,1,Done,hexacene_theta=30_a=3.9_b=11.8_cx=0_cy=0_cz=0_A1=0_A2=0.log
3.9,11.5,30,-67.42079137,-16.51245502,-8.598970333,2,Done,hexacene_theta=30_a=3.9_b=11.5_cx=0_cy=0_cz=0_A1=0_A2=0.log
3.9,11.4,30,-67.45186567,-16.51245502,-8.606738907,2,Done,hexacene_theta=30_a=3.9_b=11.4_cx=0_cy=0_cz=0_A1=0_A2=0.log
3.9,11.3,30,-67.20018396,-16.51245502,-8.543818479,2,Done,hexacene_theta=30_a=3.9_b=11.3_cx=0_cy=0_cz=0_A1=0_A2=0.log
3.9,11.2,30,-66.63406954,-16.51245502,-8.402289874,2,Done,hexacene_theta=30_a=3.9_b=11.2_cx=0_cy=0_cz=0_A1=0_A2=0.log
4,11.7,30,-66.95084912,-16.50749141,-8.483966575,1,Done,hexacene_theta=30_a=4.0_b=11.7_cx=0_cy=0_cz=0_A1=0_A2=0.log
4,11.6,30,-67.62246052,-16.50749141,-8.651869426,1,Done,hexacene_theta=30_a=4.0_b=11.6_cx=0_cy=0_cz=0_A1=0_A2=0.log
4,11.8,30,-66.12502086,-16.50749141,-8.27750951,1,Done,hexacene_theta=30_a=4.0_b=11.8_cx=0_cy=0_cz=0_A1=0_A2=0.log
4,11.5,30,-68.10632094,-16.50749141,-8.772834529,2,Done,hexacene_theta=30_a=4.0_b=11.5_cx=0_cy=0_cz=0_A1=0_A2=0.log
4,11.4,30,-68.36985004,-16.50749141,-8.838716804,2,Done,hexacene_theta=30_a=4.0_b=11.4_cx=0_cy=0_cz=0_A1=0_A2=0.log
4,11.3,30,-68.38144642,-16.50749141,-8.8416159,2,Done,hexacene_theta=30_a=4.0_b=11.3_cx=0_cy=0_cz=0_A1=0_A2=0.log
4,11.2,30,-68.1101111,-16.50749141,-8.773782069,2,Done,hexacene_theta=30_a=4.0_b=11.2_cx=0_cy=0_cz=0_A1=0_A2=0.log
4.1,11.6,30,-66.96633608,-16.02081976,-8.73117414,1,Done,hexacene_theta=30_a=4.1_b=11.6_cx=0_cy=0_cz=0_A1=0_A2=0.log
4.1,11.7,30,-66.14798774,-16.02081976,-8.526587055,1,Done,hexacene_theta=30_a=4.1_b=11.7_cx=0_cy=0_cz=0_A1=0_A2=0.log
4.1,11.8,30,-65.2040872,-16.02081976,-8.290611919,1,Done,hexacene_theta=30_a=4.1_b=11.8_cx=0_cy=0_cz=0_A1=0_A2=0.log
4.1,11.5,30,-67.62692841,-16.02081976,-8.896322222,2,Done,hexacene_theta=30_a=4.1_b=11.5_cx=0_cy=0_cz=0_A1=0_A2=0.log
4.1,11.4,30,-68.0974605,-16.02081976,-9.013955246,2,Done,hexacene_theta=30_a=4.1_b=11.4_cx=0_cy=0_cz=0_A1=0_A2=0.log
4.1,11.3,30,-68.34668238,-16.02081976,-9.076260714,2,Done,hexacene_theta=30_a=4.1_b=11.3_cx=0_cy=0_cz=0_A1=0_A2=0.log
4.1,11.2,30,-68.34412214,-16.02081976,-9.075620654,2,Done,hexacene_theta=30_a=4.1_b=11.2_cx=0_cy=0_cz=0_A1=0_A2=0.log
6.9,6.7,30,-75.66961113,-6.056619843,-15.88909286,2,Done,hexacene_theta=30_a=6.9_b=6.7_cx=0_cy=0_cz=0_A1=0_A2=0.log
6.9,6.8,30,-74.77626277,-5.540342266,-15.92389456,1,Done,hexacene_theta=30_a=6.9_b=6.8_cx=0_cy=0_cz=0_A1=0_A2=0.log
6.9,6.9,30,-73.71928495,-5.067287577,-15.89617745,1,Done,hexacene_theta=30_a=6.9_b=6.9_cx=0_cy=0_cz=0_A1=0_A2=0.log
6.9,6.6,30,-76.35020848,-6.615643402,-15.77973042,1,Done,hexacene_theta=30_a=6.9_b=6.6_cx=0_cy=0_cz=0_A1=0_A2=0.log
7,6.8,30,-75.33836113,-5.540342266,-16.06441915,1,Done,hexacene_theta=30_a=7.0_b=6.8_cx=0_cy=0_cz=0_A1=0_A2=0.log
7,6.7,30,-76.52355185,-6.056619843,-16.10257804,1,Done,hexacene_theta=30_a=7.0_b=6.7_cx=0_cy=0_cz=0_A1=0_A2=0.log
7,6.9,30,-74.02829595,-5.067287577,-15.9734302,1,Done,hexacene_theta=30_a=7.0_b=6.9_cx=0_cy=0_cz=0_A1=0_A2=0.log
7,6.6,30,-77.53778368,-6.615643402,-16.07662422,1,Done,hexacene_theta=30_a=7.0_b=6.6_cx=0_cy=0_cz=0_A1=0_A2=0.log
7,6.5,30,-78.33293928,-7.216772881,-15.97484838,1,Done,hexacene_theta=30_a=7.0_b=6.5_cx=0_cy=0_cz=0_A1=0_A2=0.log
7,6.4,30,-78.85557981,-7.857058985,-15.78536546,1,Done,hexacene_theta=30_a=7.0_b=6.4_cx=0_cy=0_cz=0_A1=0_A2=0.log
7.1,6.7,30,-76.72960101,-6.056619843,-16.15409033,1,Done,hexacene_theta=30_a=7.1_b=6.7_cx=0_cy=0_cz=0_A1=0_A2=0.log
7.1,6.8,30,-75.30829085,-5.540342266,-16.05690158,1,Done,hexacene_theta=30_a=7.1_b=6.8_cx=0_cy=0_cz=0_A1=0_A2=0.log
7.1,6.9,30,-73.79777387,-5.067287577,-15.91579968,1,Done,hexacene_theta=30_a=7.1_b=6.9_cx=0_cy=0_cz=0_A1=0_A2=0.log
7.1,6.6,30,-78.01943528,-6.615643402,-16.19703712,1,Done,hexacene_theta=30_a=7.1_b=6.6_cx=0_cy=0_cz=0_A1=0_A2=0.log
7.1,6.5,30,-79.132638,-7.216772881,-16.17477306,1,Done,hexacene_theta=30_a=7.1_b=6.5_cx=0_cy=0_cz=0_A1=0_A2=0.log
7.1,6.4,30,-80.01818013,-7.857058985,-16.07601554,1,Done,hexacene_theta=30_a=7.1_b=6.4_cx=0_cy=0_cz=0_A1=0_A2=0.log
7.1,6.3,30,-80.62225891,-8.532529574,-15.88929994,1,Done,hexacene_theta=30_a=7.1_b=6.3_cx=0_cy=0_cz=0_A1=0_A2=0.log
7.2,6.5,30,-79.31017312,-7.216772881,-16.21915684,1,Done,hexacene_theta=30_a=7.2_b=6.5_cx=0_cy=0_cz=0_A1=0_A2=0.log
7.2,6.6,30,-77.93364208,-6.615643402,-16.17558882,1,Done,hexacene_theta=30_a=7.2_b=6.6_cx=0_cy=0_cz=0_A1=0_A2=0.log
7.2,6.7,30,-76.42043937,-6.056619843,-16.07679992,1,Done,hexacene_theta=30_a=7.2_b=6.7_cx=0_cy=0_cz=0_A1=0_A2=0.log
7.2,6.4,30,-80.50183973,-7.857058985,-16.19693044,1,Done,hexacene_theta=30_a=7.2_b=6.4_cx=0_cy=0_cz=0_A1=0_A2=0.log
7.2,6.3,30,-81.45744959,-8.532529574,-16.09809761,1,Done,hexacene_theta=30_a=7.2_b=6.3_cx=0_cy=0_cz=0_A1=0_A2=0.log
7.2,6.2,30,-82.12642548,-9.239582742,-15.911815,1,Done,hexacene_theta=30_a=7.2_b=6.2_cx=0_cy=0_cz=0_A1=0_A2=0.log
7.2,6.1,30,-82.44306702,-9.966640928,-15.62744629,2,Done,hexacene_theta=30_a=7.2_b=6.1_cx=0_cy=0_cz=0_A1=0_A2=0.log
7.3,6.3,30,-81.68872471,-8.532529574,-16.15591639,1,Done,hexacene_theta=30_a=7.3_b=6.3_cx=0_cy=0_cz=0_A1=0_A2=0.log
7.3,6.4,30,-80.43592609,-7.857058985,-16.18045203,1,Done,hexacene_theta=30_a=7.3_b=6.4_cx=0_cy=0_cz=0_A1=0_A2=0.log
7.3,6.5,30,-78.99029364,-7.216772881,-16.13918697,1,Done,hexacene_theta=30_a=7.3_b=6.5_cx=0_cy=0_cz=0_A1=0_A2=0.log
7.3,6.2,30,-82.70064732,-9.239582742,-16.05537046,1,Done,hexacene_theta=30_a=7.3_b=6.2_cx=0_cy=0_cz=0_A1=0_A2=0.log
7.3,6.1,30,-83.4079013,-9.966640928,-15.86865486,2,Done,hexacene_theta=30_a=7.3_b=6.1_cx=0_cy=0_cz=0_A1=0_A2=0.log
7.3,6,30,-83.73787114,-10.69721317,-15.5858612,2,Done,hexacene_theta=30_a=7.3_b=6.0_cx=0_cy=0_cz=0_A1=0_A2=0.log
7.4,6.2,30,-82.73365432,-9.239582742,-16.06362221,1,Done,hexacene_theta=30_a=7.4_b=6.2_cx=0_cy=0_cz=0_A1=0_A2=0.log
7.4,6.3,30,-81.43147071,-8.532529574,-16.09160289,1,Done,hexacene_theta=30_a=7.4_b=6.3_cx=0_cy=0_cz=0_A1=0_A2=0.log
7.4,6.4,30,-79.93170925,-7.857058985,-16.05439782,1,Done,hexacene_theta=30_a=7.4_b=6.4_cx=0_cy=0_cz=0_A1=0_A2=0.log
7.4,6.1,30,-83.77687718,-9.966640928,-15.96089883,2,Done,hexacene_theta=30_a=7.4_b=6.1_cx=0_cy=0_cz=0_A1=0_A2=0.log
7.4,6,30,-84.49033094,-10.69721317,-15.77397615,2,Done,hexacene_theta=30_a=7.4_b=6.0_cx=0_cy=0_cz=0_A1=0_A2=0.log
7.4,5.9,30,-84.79056936,-11.40782432,-15.49373018,2,Done,hexacene_theta=30_a=7.4_b=5.9_cx=0_cy=0_cz=0_A1=0_A2=0.log
7.4,5.8,30,-84.55928174,-12.05647513,-15.11158287,2,Done,hexacene_theta=30_a=7.4_b=5.8_cx=0_cy=0_cz=0_A1=0_A2=0.log
7.5,6,30,-84.69763514,-10.69721317,-15.8258022,2,Done,hexacene_theta=30_a=7.5_b=6.0_cx=0_cy=0_cz=0_A1=0_A2=0.log
7.5,6.1,30,-83.65463822,-9.966640928,-15.93033909,2,Done,hexacene_theta=30_a=7.5_b=6.1_cx=0_cy=0_cz=0_A1=0_A2=0.log
7.5,6.2,30,-82.32705296,-9.239582742,-15.96197187,2,Done,hexacene_theta=30_a=7.5_b=6.2_cx=0_cy=0_cz=0_A1=0_A2=0.log
7.5,5.9,30,-85.37432936,-11.40782432,-15.63967018,2,Done,hexacene_theta=30_a=7.5_b=5.9_cx=0_cy=0_cz=0_A1=0_A2=0.log
7.5,5.8,30,-85.56746438,-12.05647513,-15.36362853,2,Done,hexacene_theta=30_a=7.5_b=5.8_cx=0_cy=0_cz=0_A1=0_A2=0.log
7.5,5.7,30,-85.12259746,-12.58148137,-14.98990868,2,Done,hexacene_theta=30_a=7.5_b=5.7_cx=0_cy=0_cz=0_A1=0_A2=0.log
7.6,5.6,30,-85.16574506,-12.89811037,-14.84238108,1,Done,hexacene_theta=30_a=7.6_b=5.6_cx=0_cy=0_cz=0_A1=0_A2=0.log
7.6,5.7,30,-85.9839177,-12.58148137,-15.20523874,1,Done,hexacene_theta=30_a=7.6_b=5.7_cx=0_cy=0_cz=0_A1=0_A2=0.log
7.6,5.8,30,-86.0135487,-12.05647513,-15.47514961,1,Done,hexacene_theta=30_a=7.6_b=5.8_cx=0_cy=0_cz=0_A1=0_A2=0.log
7.6,5.9,30,-85.4518394,-11.40782432,-15.65904769,2,Done,hexacene_theta=30_a=7.6_b=5.9_cx=0_cy=0_cz=0_A1=0_A2=0.log
7.6,6,30,-84.45235402,-10.69721317,-15.76448192,2,Done,hexacene_theta=30_a=7.6_b=6.0_cx=0_cy=0_cz=0_A1=0_A2=0.log
7.6,6.1,30,-83.13084306,-9.966640928,-15.7993903,2,Done,hexacene_theta=30_a=7.6_b=6.1_cx=0_cy=0_cz=0_A1=0_A2=0.log
7.7,5.6,30,-85.89927914,-12.89811037,-15.0257646,1,Done,hexacene_theta=30_a=7.7_b=5.6_cx=0_cy=0_cz=0_A1=0_A2=0.log
7.7,5.7,30,-86.31288354,-12.58148137,-15.2874802,1,Done,hexacene_theta=30_a=7.7_b=5.7_cx=0_cy=0_cz=0_A1=0_A2=0.log
7.7,5.8,30,-85.99843826,-12.05647513,-15.471372,1,Done,hexacene_theta=30_a=7.7_b=5.8_cx=0_cy=0_cz=0_A1=0_A2=0.log
7.7,5.9,30,-85.12018784,-11.40782432,-15.5761348,2,Done,hexacene_theta=30_a=7.7_b=5.9_cx=0_cy=0_cz=0_A1=0_A2=0.log
7.8,5.5,30,-85.12361404,-12.89333502,-14.834236,1,Done,hexacene_theta=30_a=7.8_b=5.5_cx=0_cy=0_cz=0_A1=0_A2=0.log
7.8,5.6,30,-86.13908838,-12.89811037,-15.08571691,1,Done,hexacene_theta=30_a=7.8_b=5.6_cx=0_cy=0_cz=0_A1=0_A2=0.log
7.8,5.7,30,-86.20291866,-12.58148137,-15.25998898,1,Done,hexacene_theta=30_a=7.8_b=5.7_cx=0_cy=0_cz=0_A1=0_A2=0.log
7.8,5.8,30,-85.56457786,-12.05647513,-15.3629069,1,Done,hexacene_theta=30_a=7.8_b=5.8_cx=0_cy=0_cz=0_A1=0_A2=0.log
7.9,5.5,30,-85.25363412,-12.89333502,-14.86674102,1,Done,hexacene_theta=30_a=7.9_b=5.5_cx=0_cy=0_cz=0_A1=0_A2=0.log
7.9,5.6,30,-85.93052914,-12.89811037,-15.0335771,1,Done,hexacene_theta=30_a=7.9_b=5.6_cx=0_cy=0_cz=0_A1=0_A2=0.log
7.9,5.7,30,-85.69609138,-12.58148137,-15.13328216,1,Done,hexacene_theta=30_a=7.9_b=5.7_cx=0_cy=0_cz=0_A1=0_A2=0.log
7.9,5.8,30,-84.79914114,-12.05647513,-15.17154772,1,Done,hexacene_theta=30_a=7.9_b=5.8_cx=0_cy=0_cz=0_A1=0_A2=0.log
8,5.5,30,-84.9633982,-12.89333502,-14.79418204,1,Done,hexacene_theta=30_a=8.0_b=5.5_cx=0_cy=0_cz=0_A1=0_A2=0.log
8,5.6,30,-85.35427414,-12.89811037,-14.88951335,1,Done,hexacene_theta=30_a=8.0_b=5.6_cx=0_cy=0_cz=0_A1=0_A2=0.log
8,5.7,30,-84.87126714,-12.58148137,-14.9270761,1,Done,hexacene_theta=30_a=8.0_b=5.7_cx=0_cy=0_cz=0_A1=0_A2=0.log
8.1,5.4,30,-83.02968848,-12.42966788,-14.54258818,1,Done,hexacene_theta=30_a=8.1_b=5.4_cx=0_cy=0_cz=0_A1=0_A2=0.log
8.1,5.5,30,-84.31668636,-12.89333502,-14.63250408,1,Done,hexacene_theta=30_a=8.1_b=5.5_cx=0_cy=0_cz=0_A1=0_A2=0.log
8.1,5.6,30,-84.47018786,-12.89811037,-14.66849178,1,Done,hexacene_theta=30_a=8.1_b=5.6_cx=0_cy=0_cz=0_A1=0_A2=0.log
8.1,5.7,30,-83.78406842,-12.58148137,-14.65527642,1,Done,hexacene_theta=30_a=8.1_b=5.7_cx=0_cy=0_cz=0_A1=0_A2=0.log
8.2,5.5,30,-83.37180692,-12.89333502,-14.39628422,2,Done,hexacene_theta=30_a=8.2_b=5.5_cx=0_cy=0_cz=0_A1=0_A2=0.log
8.2,5.6,30,-83.33211062,-12.89811037,-14.38397247,2,Done,hexacene_theta=30_a=8.2_b=5.6_cx=0_cy=0_cz=0_A1=0_A2=0.log
8.2,5.7,30,-82.4839681,-12.58148137,-14.33025134,1,Done,hexacene_theta=30_a=8.2_b=5.7_cx=0_cy=0_cz=0_A1=0_A2=0.log
8.2,5.4,30,-82.3102608,-12.42966788,-14.36273126,1,Done,hexacene_theta=30_a=8.2_b=5.4_cx=0_cy=0_cz=0_A1=0_A2=0.log
8.3,5.6,30,-81.98979146,-12.89811037,-14.04839268,2,Done,hexacene_theta=30_a=8.3_b=5.6_cx=0_cy=0_cz=0_A1=0_A2=0.log
8.3,5.5,30,-82.18305196,-12.89333502,-14.09909548,1,Done,hexacene_theta=30_a=8.3_b=5.5_cx=0_cy=0_cz=0_A1=0_A2=0.log
8.3,5.7,30,-81.01577042,-12.58148137,-13.96320192,1,Done,hexacene_theta=30_a=8.3_b=5.7_cx=0_cy=0_cz=0_A1=0_A2=0.log
8.3,5.4,30,-81.30426188,-12.42966788,-14.11123153,1,Done,hexacene_theta=30_a=8.3_b=5.4_cx=0_cy=0_cz=0_A1=0_A2=0.log
8.4,5.5,30,-80.80172676,-12.89333502,-13.75376418,1,Done,hexacene_theta=30_a=8.4_b=5.5_cx=0_cy=0_cz=0_A1=0_A2=0.log
8.4,5.6,30,-80.48956562,-12.89811037,-13.67333622,1,Done,hexacene_theta=30_a=8.4_b=5.6_cx=0_cy=0_cz=0_A1=0_A2=0.log
8.4,5.7,30,-79.42043918,-12.58148137,-13.56436911,1,Done,hexacene_theta=30_a=8.4_b=5.7_cx=0_cy=0_cz=0_A1=0_A2=0.log
4.1,11.3,35,-66.49041994,-15.46089886,-8.892155556,2,Done,hexacene_theta=35_a=4.1_b=11.3_cx=0_cy=0_cz=0_A1=0_A2=0.log
4.1,11.4,35,-65.63710674,-15.46089886,-8.678827256,1,Done,hexacene_theta=35_a=4.1_b=11.4_cx=0_cy=0_cz=0_A1=0_A2=0.log
4.1,11.5,35,-64.65389898,-15.46089886,-8.433025314,1,Done,hexacene_theta=35_a=4.1_b=11.5_cx=0_cy=0_cz=0_A1=0_A2=0.log
4.1,11.2,35,-67.17847211,-15.46089886,-9.064168597,1,Done,hexacene_theta=35_a=4.1_b=11.2_cx=0_cy=0_cz=0_A1=0_A2=0.log
4.1,11.1,35,-67.66511866,-15.46089886,-9.185830236,1,Done,hexacene_theta=35_a=4.1_b=11.1_cx=0_cy=0_cz=0_A1=0_A2=0.log
4.1,11,35,-67.91461664,-15.46089886,-9.24820473,1,Done,hexacene_theta=35_a=4.1_b=11.0_cx=0_cy=0_cz=0_A1=0_A2=0.log
4.1,10.9,35,-67.89157447,-15.46089886,-9.242444188,1,Done,hexacene_theta=35_a=4.1_b=10.9_cx=0_cy=0_cz=0_A1=0_A2=0.log
4.1,10.8,35,-67.5606759,-15.46089886,-9.159719544,1,Done,hexacene_theta=35_a=4.1_b=10.8_cx=0_cy=0_cz=0_A1=0_A2=0.log
4.2,11.4,35,-65.76380102,-15.51001407,-8.685943219,1,Done,hexacene_theta=35_a=4.2_b=11.4_cx=0_cy=0_cz=0_A1=0_A2=0.log
4.2,11.3,35,-66.73214935,-15.51001407,-8.928030302,2,Done,hexacene_theta=35_a=4.2_b=11.3_cx=0_cy=0_cz=0_A1=0_A2=0.log
4.2,11.5,35,-64.69166253,-15.51001407,-8.417908598,2,Done,hexacene_theta=35_a=4.2_b=11.5_cx=0_cy=0_cz=0_A1=0_A2=0.log
4.2,11.2,35,-67.56422761,-15.51001407,-9.136049867,1,Done,hexacene_theta=35_a=4.2_b=11.2_cx=0_cy=0_cz=0_A1=0_A2=0.log
4.2,11.1,35,-68.22569845,-15.51001407,-9.301417577,1,Done,hexacene_theta=35_a=4.2_b=11.1_cx=0_cy=0_cz=0_A1=0_A2=0.log
4.2,11,35,-68.68182292,-15.51001407,-9.415448695,1,Done,hexacene_theta=35_a=4.2_b=11.0_cx=0_cy=0_cz=0_A1=0_A2=0.log
4.2,10.9,35,-68.89806286,-15.51001407,-9.469508681,1,Done,hexacene_theta=35_a=4.2_b=10.9_cx=0_cy=0_cz=0_A1=0_A2=0.log
4.2,10.8,35,-68.83998054,-15.51001407,-9.4549881,1,Done,hexacene_theta=35_a=4.2_b=10.8_cx=0_cy=0_cz=0_A1=0_A2=0.log
4.2,10.7,35,-68.47243538,-15.51001407,-9.363101811,1,Done,hexacene_theta=35_a=4.2_b=10.7_cx=0_cy=0_cz=0_A1=0_A2=0.log
4.3,11.3,35,-65.9570741,-15.11217273,-8.933182159,2,Done,hexacene_theta=35_a=4.3_b=11.3_cx=0_cy=0_cz=0_A1=0_A2=0.log
4.3,11.4,35,-64.89495067,-15.11217273,-8.667651303,2,Done,hexacene_theta=35_a=4.3_b=11.4_cx=0_cy=0_cz=0_A1=0_A2=0.log
4.3,11.5,35,-63.75215456,-15.11217273,-8.381952275,2,Done,hexacene_theta=35_a=4.3_b=11.5_cx=0_cy=0_cz=0_A1=0_A2=0.log
4.3,11.2,35,-66.90948368,-15.11217273,-9.171284554,1,Done,hexacene_theta=35_a=4.3_b=11.2_cx=0_cy=0_cz=0_A1=0_A2=0.log
4.3,11.1,35,-67.7204023,-15.11217273,-9.374014209,1,Done,hexacene_theta=35_a=4.3_b=11.1_cx=0_cy=0_cz=0_A1=0_A2=0.log
4.3,11,35,-68.35662214,-15.11217273,-9.533069169,1,Done,hexacene_theta=35_a=4.3_b=11.0_cx=0_cy=0_cz=0_A1=0_A2=0.log
4.3,10.9,35,-68.78470946,-15.11217273,-9.640091,1,Done,hexacene_theta=35_a=4.3_b=10.9_cx=0_cy=0_cz=0_A1=0_A2=0.log
4.3,10.8,35,-68.97130583,-15.11217273,-9.686740093,1,Done,hexacene_theta=35_a=4.3_b=10.8_cx=0_cy=0_cz=0_A1=0_A2=0.log
4.3,10.7,35,-68.88252572,-15.11217273,-9.664545064,1,Done,hexacene_theta=35_a=4.3_b=10.7_cx=0_cy=0_cz=0_A1=0_A2=0.log
4.4,10.7,35,-68.47615024,-14.43886705,-9.899604035,1,Done,hexacene_theta=35_a=4.4_b=10.7_cx=0_cy=0_cz=0_A1=0_A2=0.log
4.4,10.8,35,-68.31568338,-14.43886705,-9.859487321,1,Done,hexacene_theta=35_a=4.4_b=10.8_cx=0_cy=0_cz=0_A1=0_A2=0.log
4.4,10.9,35,-67.91292236,-14.43886705,-9.758797066,1,Done,hexacene_theta=35_a=4.4_b=10.9_cx=0_cy=0_cz=0_A1=0_A2=0.log
6.9,6.9,35,-69.61275909,-4.232536125,-15.28692171,2,Done,hexacene_theta=35_a=6.9_b=6.9_cx=0_cy=0_cz=0_A1=0_A2=0.log
6.9,7,35,-69.45146393,-3.899315764,-15.4132081,1,Done,hexacene_theta=35_a=6.9_b=7.0_cx=0_cy=0_cz=0_A1=0_A2=0.log
6.9,7.1,35,-69.02780683,-3.595406396,-15.45924851,1,Done,hexacene_theta=35_a=6.9_b=7.1_cx=0_cy=0_cz=0_A1=0_A2=0.log
7,7,35,-70.38170985,-3.899315764,-15.64576958,1,Done,hexacene_theta=35_a=7.0_b=7.0_cx=0_cy=0_cz=0_A1=0_A2=0.log
7,6.9,35,-70.90199093,-4.232536125,-15.60922967,1,Done,hexacene_theta=35_a=7.0_b=6.9_cx=0_cy=0_cz=0_A1=0_A2=0.log
7,7.1,35,-69.64384595,-3.595406396,-15.61325829,2,Done,hexacene_theta=35_a=7.0_b=7.1_cx=0_cy=0_cz=0_A1=0_A2=0.log
7,6.8,35,-71.15448842,-4.598280328,-15.48948194,2,Done,hexacene_theta=35_a=7.0_b=6.8_cx=0_cy=0_cz=0_A1=0_A2=0.log
7.1,6.9,35,-71.52124293,-4.232536125,-15.76404267,2,Done,hexacene_theta=35_a=7.1_b=6.9_cx=0_cy=0_cz=0_A1=0_A2=0.log
7.1,7,35,-70.70322089,-3.899315764,-15.72614734,2,Done,hexacene_theta=35_a=7.1_b=7.0_cx=0_cy=0_cz=0_A1=0_A2=0.log
7.1,7.1,35,-69.70980979,-3.595406396,-15.62974925,2,Done,hexacene_theta=35_a=7.1_b=7.1_cx=0_cy=0_cz=0_A1=0_A2=0.log
7.1,6.8,35,-72.11713898,-4.598280328,-15.73014458,2,Done,hexacene_theta=35_a=7.1_b=6.8_cx=0_cy=0_cz=0_A1=0_A2=0.log
7.1,6.7,35,-72.44249035,-5.000438937,-15.61040312,2,Done,hexacene_theta=35_a=7.1_b=6.7_cx=0_cy=0_cz=0_A1=0_A2=0.log
7.1,6.6,35,-72.44565301,-5.442093025,-15.39036674,2,Done,hexacene_theta=35_a=7.1_b=6.6_cx=0_cy=0_cz=0_A1=0_A2=0.log
7.2,6.8,35,-72.47820822,-4.598280328,-15.82041189,2,Done,hexacene_theta=35_a=7.2_b=6.8_cx=0_cy=0_cz=0_A1=0_A2=0.log
7.2,6.9,35,-71.59669473,-4.232536125,-15.78290562,2,Done,hexacene_theta=35_a=7.2_b=6.9_cx=0_cy=0_cz=0_A1=0_A2=0.log
7.2,7,35,-70.53587653,-3.899315764,-15.68431125,2,Done,hexacene_theta=35_a=7.2_b=7.0_cx=0_cy=0_cz=0_A1=0_A2=0.log
7.2,6.7,35,-73.13528647,-5.000438937,-15.78360215,2,Done,hexacene_theta=35_a=7.2_b=6.7_cx=0_cy=0_cz=0_A1=0_A2=0.log
7.2,6.6,35,-73.51884569,-5.442093025,-15.65866491,2,Done,hexacene_theta=35_a=7.2_b=6.6_cx=0_cy=0_cz=0_A1=0_A2=0.log
7.2,6.5,35,-73.57414187,-5.923957954,-15.43155649,2,Done,hexacene_theta=35_a=7.2_b=6.5_cx=0_cy=0_cz=0_A1=0_A2=0.log
7.3,6.7,35,-73.28721919,-5.000438937,-15.82158533,2,Done,hexacene_theta=35_a=7.3_b=6.7_cx=0_cy=0_cz=0_A1=0_A2=0.log
7.3,6.8,35,-72.3527815,-4.598280328,-15.78905521,2,Done,hexacene_theta=35_a=7.3_b=6.8_cx=0_cy=0_cz=0_A1=0_A2=0.log
7.3,6.9,35,-71.23733229,-4.232536125,-15.69306501,2,Done,hexacene_theta=35_a=7.3_b=6.9_cx=0_cy=0_cz=0_A1=0_A2=0.log
7.3,6.6,35,-73.99479949,-5.442093025,-15.77765336,2,Done,hexacene_theta=35_a=7.3_b=6.6_cx=0_cy=0_cz=0_A1=0_A2=0.log
7.3,6.5,35,-74.42346411,-5.923957954,-15.64388705,2,Done,hexacene_theta=35_a=7.3_b=6.5_cx=0_cy=0_cz=0_A1=0_A2=0.log
7.3,6.4,35,-74.52189532,-6.44737032,-15.40678867,2,Done,hexacene_theta=35_a=7.3_b=6.4_cx=0_cy=0_cz=0_A1=0_A2=0.log
7.3,6.3,35,-74.23724425,-7.012248547,-15.05318679,2,Done,hexacene_theta=35_a=7.3_b=6.3_cx=0_cy=0_cz=0_A1=0_A2=0.log
7.4,6.5,35,-74.73134563,-5.923957954,-15.72085743,2,Done,hexacene_theta=35_a=7.4_b=6.5_cx=0_cy=0_cz=0_A1=0_A2=0.log
7.4,6.6,35,-73.98280149,-5.442093025,-15.77465386,2,Done,hexacene_theta=35_a=7.4_b=6.6_cx=0_cy=0_cz=0_A1=0_A2=0.log
7.4,6.7,35,-73.00263087,-5.000438937,-15.75043825,2,Done,hexacene_theta=35_a=7.4_b=6.7_cx=0_cy=0_cz=0_A1=0_A2=0.log
7.4,6.4,35,-75.19935512,-6.44737032,-15.57615362,2,Done,hexacene_theta=35_a=7.4_b=6.4_cx=0_cy=0_cz=0_A1=0_A2=0.log
7.4,6.3,35,-75.33553733,-7.012248547,-15.32776006,2,Done,hexacene_theta=35_a=7.4_b=6.3_cx=0_cy=0_cz=0_A1=0_A2=0.log
7.4,6.2,35,-75.09073316,-7.618561259,-14.96340266,2,Done,hexacene_theta=35_a=7.4_b=6.2_cx=0_cy=0_cz=0_A1=0_A2=0.log
7.5,6.4,35,-75.38356696,-6.44737032,-15.62220658,2,Done,hexacene_theta=35_a=7.5_b=6.4_cx=0_cy=0_cz=0_A1=0_A2=0.log
7.5,6.5,35,-74.59723419,-5.923957954,-15.68732957,2,Done,hexacene_theta=35_a=7.5_b=6.5_cx=0_cy=0_cz=0_A1=0_A2=0.log
7.5,6.6,35,-73.57808265,-5.442093025,-15.67347415,2,Done,hexacene_theta=35_a=7.5_b=6.6_cx=0_cy=0_cz=0_A1=0_A2=0.log
7.5,6.3,35,-75.88807245,-7.012248547,-15.46589384,2,Done,hexacene_theta=35_a=7.5_b=6.3_cx=0_cy=0_cz=0_A1=0_A2=0.log
7.5,6.2,35,-76.06272104,-7.618561259,-15.20639963,2,Done,hexacene_theta=35_a=7.5_b=6.2_cx=0_cy=0_cz=0_A1=0_A2=0.log
7.5,6.1,35,-75.86001019,-8.265360917,-14.83232209,2,Done,hexacene_theta=35_a=7.5_b=6.1_cx=0_cy=0_cz=0_A1=0_A2=0.log
7.6,6.2,35,-76.52886056,-7.618561259,-15.32293451,2,Done,hexacene_theta=35_a=7.6_b=6.2_cx=0_cy=0_cz=0_A1=0_A2=0.log
7.6,6.3,35,-75.98631541,-7.012248547,-15.49045458,2,Done,hexacene_theta=35_a=7.6_b=6.3_cx=0_cy=0_cz=0_A1=0_A2=0.log
7.6,6.4,35,-75.16361216,-6.44737032,-15.56721788,2,Done,hexacene_theta=35_a=7.6_b=6.4_cx=0_cy=0_cz=0_A1=0_A2=0.log
7.6,6.1,35,-76.74477419,-8.265360917,-15.05351309,2,Done,hexacene_theta=35_a=7.6_b=6.1_cx=0_cy=0_cz=0_A1=0_A2=0.log
7.6,6,35,-76.58191027,-8.947683915,-14.67163561,2,Done,hexacene_theta=35_a=7.6_b=6.0_cx=0_cy=0_cz=0_A1=0_A2=0.log
7.7,6.1,35,-77.15210351,-8.265360917,-15.15534542,2,Done,hexacene_theta=35_a=7.7_b=6.1_cx=0_cy=0_cz=0_A1=0_A2=0.log
7.7,6.2,35,-76.5689208,-7.618561259,-15.33294957,2,Done,hexacene_theta=35_a=7.7_b=6.2_cx=0_cy=0_cz=0_A1=0_A2=0.log
7.7,6.3,35,-75.70802729,-7.012248547,-15.42088255,2,Done,hexacene_theta=35_a=7.7_b=6.3_cx=0_cy=0_cz=0_A1=0_A2=0.log
7.7,6,35,-77.40673451,-8.947683915,-14.87784167,2,Done,hexacene_theta=35_a=7.7_b=6.0_cx=0_cy=0_cz=0_A1=0_A2=0.log
7.7,5.9,35,-77.27819537,-9.657498127,-14.49079978,1,Done,hexacene_theta=35_a=7.7_b=5.9_cx=0_cy=0_cz=0_A1=0_A2=0.log
7.8,6,35,-77.77312503,-8.947683915,-14.9694393,2,Done,hexacene_theta=35_a=7.8_b=6.0_cx=0_cy=0_cz=0_A1=0_A2=0.log
7.8,6.1,35,-77.15210351,-8.265360917,-15.15534542,2,Done,hexacene_theta=35_a=7.8_b=6.1_cx=0_cy=0_cz=0_A1=0_A2=0.log
7.8,6.2,35,-76.25069792,-7.618561259,-15.25339385,2,Done,hexacene_theta=35_a=7.8_b=6.2_cx=0_cy=0_cz=0_A1=0_A2=0.log
7.8,5.9,35,-78.06039913,-9.657498127,-14.68635072,1,Done,hexacene_theta=35_a=7.8_b=5.9_cx=0_cy=0_cz=0_A1=0_A2=0.log
7.8,5.8,35,-77.95938254,-10.38491399,-14.29738864,1,Done,hexacene_theta=35_a=7.8_b=5.8_cx=0_cy=0_cz=0_A1=0_A2=0.log
7.9,5.9,35,-78.39676957,-9.657498127,-14.77044333,1,Done,hexacene_theta=35_a=7.9_b=5.9_cx=0_cy=0_cz=0_A1=0_A2=0.log
7.9,6,35,-77.74476159,-8.947683915,-14.96234844,1,Done,hexacene_theta=35_a=7.9_b=6.0_cx=0_cy=0_cz=0_A1=0_A2=0.log
7.9,6.1,35,-76.80614467,-8.265360917,-15.06885571,1,Done,hexacene_theta=35_a=7.9_b=6.1_cx=0_cy=0_cz=0_A1=0_A2=0.log
7.9,5.8,35,-78.7088303,-10.38491399,-14.48475058,1,Done,hexacene_theta=35_a=7.9_b=5.8_cx=0_cy=0_cz=0_A1=0_A2=0.log
7.9,5.7,35,-78.6209789,-11.11559919,-14.09744513,1,Done,hexacene_theta=35_a=7.9_b=5.7_cx=0_cy=0_cz=0_A1=0_A2=0.log
8,5.8,35,-79.02002506,-10.38491399,-14.56254927,1,Done,hexacene_theta=35_a=8.0_b=5.8_cx=0_cy=0_cz=0_A1=0_A2=0.log
8,5.9,35,-78.34631777,-9.657498127,-14.75783038,1,Done,hexacene_theta=35_a=8.0_b=5.9_cx=0_cy=0_cz=0_A1=0_A2=0.log
8,6,35,-77.37839615,-8.947683915,-14.87075708,1,Done,hexacene_theta=35_a=8.0_b=6.0_cx=0_cy=0_cz=0_A1=0_A2=0.log
8,5.7,35,-79.34078306,-11.11559919,-14.27739617,1,Done,hexacene_theta=35_a=8.0_b=5.7_cx=0_cy=0_cz=0_A1=0_A2=0.log
8,5.6,35,-79.2329894,-11.82564558,-13.89542456,1,Done,hexacene_theta=35_a=8.0_b=5.6_cx=0_cy=0_cz=0_A1=0_A2=0.log
8.1,5.7,35,-79.62589854,-11.11559919,-14.34867504,1,Done,hexacene_theta=35_a=8.1_b=5.7_cx=0_cy=0_cz=0_A1=0_A2=0.log
8.1,5.8,35,-78.94836342,-10.38491399,-14.54463386,1,Done,hexacene_theta=35_a=8.1_b=5.8_cx=0_cy=0_cz=0_A1=0_A2=0.log
8.1,5.9,35,-77.96210593,-9.657498127,-14.66177742,1,Done,hexacene_theta=35_a=8.1_b=5.9_cx=0_cy=0_cz=0_A1=0_A2=0.log
8.1,5.6,35,-79.92031368,-11.82564558,-14.06725563,1,Done,hexacene_theta=35_a=8.1_b=5.6_cx=0_cy=0_cz=0_A1=0_A2=0.log
8.1,5.5,35,-79.73940254,-12.48118645,-13.69425741,1,Done,hexacene_theta=35_a=8.1_b=5.5_cx=0_cy=0_cz=0_A1=0_A2=0.log
8.2,5.6,35,-80.1745054,-11.82564558,-14.13080356,1,Done,hexacene_theta=35_a=8.2_b=5.6_cx=0_cy=0_cz=0_A1=0_A2=0.log
8.2,5.7,35,-79.53011538,-11.11559919,-14.32472925,1,Done,hexacene_theta=35_a=8.2_b=5.7_cx=0_cy=0_cz=0_A1=0_A2=0.log
8.2,5.8,35,-78.54499998,-10.38491399,-14.443793,1,Done,hexacene_theta=35_a=8.2_b=5.8_cx=0_cy=0_cz=0_A1=0_A2=0.log
8.2,5.5,35,-80.38704306,-12.48118645,-13.85616754,1,Done,hexacene_theta=35_a=8.2_b=5.5_cx=0_cy=0_cz=0_A1=0_A2=0.log
8.2,5.4,35,-80.05419918,-13.03628807,-13.49540576,1,Done,hexacene_theta=35_a=8.2_b=5.4_cx=0_cy=0_cz=0_A1=0_A2=0.log
8.3,5.3,35,-80.04876496,-13.42615376,-13.29911436,1,Done,hexacene_theta=35_a=8.3_b=5.3_cx=0_cy=0_cz=0_A1=0_A2=0.log
8.3,5.4,35,-80.65206562,-13.03628807,-13.64487237,1,Done,hexacene_theta=35_a=8.3_b=5.4_cx=0_cy=0_cz=0_A1=0_A2=0.log
8.3,5.5,35,-80.60273078,-12.48118645,-13.91008947,1,Done,hexacene_theta=35_a=8.3_b=5.5_cx=0_cy=0_cz=0_A1=0_A2=0.log
8.3,5.6,35,-80.04917912,-11.82564558,-14.09947199,1,Done,hexacene_theta=35_a=8.3_b=5.6_cx=0_cy=0_cz=0_A1=0_A2=0.log
8.3,5.7,35,-79.1039357,-11.11559919,-14.21818433,1,Done,hexacene_theta=35_a=8.3_b=5.7_cx=0_cy=0_cz=0_A1=0_A2=0.log
8.4,5.2,35,-79.54845122,-13.56546725,-13.10437918,1,Done,hexacene_theta=35_a=8.4_b=5.2_cx=0_cy=0_cz=0_A1=0_A2=0.log
8.4,5.3,35,-80.5842318,-13.42615376,-13.43298107,1,Done,hexacene_theta=35_a=8.4_b=5.3_cx=0_cy=0_cz=0_A1=0_A2=0.log
8.4,5.4,35,-80.81915898,-13.03628807,-13.68664571,1,Done,hexacene_theta=35_a=8.4_b=5.4_cx=0_cy=0_cz=0_A1=0_A2=0.log
8.4,5.5,35,-80.44008018,-12.48118645,-13.86942682,1,Done,hexacene_theta=35_a=8.4_b=5.5_cx=0_cy=0_cz=0_A1=0_A2=0.log
8.4,5.6,35,-79.59456068,-11.82564558,-13.98581738,1,Done,hexacene_theta=35_a=8.4_b=5.6_cx=0_cy=0_cz=0_A1=0_A2=0.log
8.5,5.2,35,-80.00773834,-13.56546725,-13.21920096,1,Done,hexacene_theta=35_a=8.5_b=5.2_cx=0_cy=0_cz=0_A1=0_A2=0.log
8.5,5.3,35,-80.69110928,-13.42615376,-13.45970044,1,Done,hexacene_theta=35_a=8.5_b=5.3_cx=0_cy=0_cz=0_A1=0_A2=0.log
8.5,5.4,35,-80.60969614,-13.03628807,-13.63428,1,Done,hexacene_theta=35_a=8.5_b=5.4_cx=0_cy=0_cz=0_A1=0_A2=0.log
8.5,5.5,35,-79.94964346,-12.48118645,-13.74681764,1,Done,hexacene_theta=35_a=8.5_b=5.5_cx=0_cy=0_cz=0_A1=0_A2=0.log
8.6,5.2,35,-80.0434813,-13.56546725,-13.2281367,1,Done,hexacene_theta=35_a=8.6_b=5.2_cx=0_cy=0_cz=0_A1=0_A2=0.log
8.6,5.3,35,-80.42522076,-13.42615376,-13.39322831,1,Done,hexacene_theta=35_a=8.6_b=5.3_cx=0_cy=0_cz=0_A1=0_A2=0.log
8.6,5.4,35,-80.07525842,-13.03628807,-13.50067057,1,Done,hexacene_theta=35_a=8.6_b=5.4_cx=0_cy=0_cz=0_A1=0_A2=0.log
8.7,5.1,35,-78.65758786,-13.34592661,-12.99143366,1,Done,hexacene_theta=35_a=8.7_b=5.1_cx=0_cy=0_cz=0_A1=0_A2=0.log
8.7,5.2,35,-79.71418918,-13.56546725,-13.14581367,1,Done,hexacene_theta=35_a=8.7_b=5.2_cx=0_cy=0_cz=0_A1=0_A2=0.log
8.7,5.3,35,-79.84030612,-13.42615376,-13.24699965,1,Done,hexacene_theta=35_a=8.7_b=5.3_cx=0_cy=0_cz=0_A1=0_A2=0.log
8.7,5.4,35,-79.2651681,-13.03628807,-13.29814799,1,Done,hexacene_theta=35_a=8.7_b=5.4_cx=0_cy=0_cz=0_A1=0_A2=0.log
8.8,5.2,35,-79.07568518,-13.56546725,-12.98618767,1,Done,hexacene_theta=35_a=8.8_b=5.2_cx=0_cy=0_cz=0_A1=0_A2=0.log
8.8,5.3,35,-78.98757024,-13.42615376,-13.03381568,1,Done,hexacene_theta=35_a=8.8_b=5.3_cx=0_cy=0_cz=0_A1=0_A2=0.log
8.8,5.4,35,-78.22606174,-13.03628807,-13.0383714,1,Done,hexacene_theta=35_a=8.8_b=5.4_cx=0_cy=0_cz=0_A1=0_A2=0.log
8.8,5.1,35,-78.26175454,-13.34592661,-12.89247533,1,Done,hexacene_theta=35_a=8.8_b=5.1_cx=0_cy=0_cz=0_A1=0_A2=0.log
8.9,5.3,35,-77.91485444,-13.42615376,-12.76563673,2,Done,hexacene_theta=35_a=8.9_b=5.3_cx=0_cy=0_cz=0_A1=0_A2=0.log
8.9,5.4,35,-77.00191526,-13.03628807,-12.73233478,1,Done,hexacene_theta=35_a=8.9_b=5.4_cx=0_cy=0_cz=0_A1=0_A2=0.log
8.9,5.5,35,-75.62456846,-12.48118645,-12.66554889,1,Done,hexacene_theta=35_a=8.9_b=5.5_cx=0_cy=0_cz=0_A1=0_A2=0.log
8.9,5.2,35,-78.1799021,-13.56546725,-12.7622419,2,Done,hexacene_theta=35_a=8.9_b=5.2_cx=0_cy=0_cz=0_A1=0_A2=0.log
8.9,5.1,35,-77.56880778,-13.34592661,-12.71923864,1,Done,hexacene_theta=35_a=8.9_b=5.1_cx=0_cy=0_cz=0_A1=0_A2=0.log
9,5.4,35,-75.63409406,-13.03628807,-12.39037948,1,Done,hexacene_theta=35_a=9.0_b=5.4_cx=0_cy=0_cz=0_A1=0_A2=0.log
9,5.3,35,-76.66590876,-13.42615376,-12.45340031,1,Done,hexacene_theta=35_a=9.0_b=5.3_cx=0_cy=0_cz=0_A1=0_A2=0.log
9,5.5,35,-74.15724926,-12.48118645,-12.29871909,1,Done,hexacene_theta=35_a=9.0_b=5.5_cx=0_cy=0_cz=0_A1=0_A2=0.log
9,5.2,35,-77.07395338,-13.56546725,-12.48575472,2,Done,hexacene_theta=35_a=9.0_b=5.2_cx=0_cy=0_cz=0_A1=0_A2=0.log
9.1,5.3,35,-75.27918696,-13.42615376,-12.10671986,1,Done,hexacene_theta=35_a=9.1_b=5.3_cx=0_cy=0_cz=0_A1=0_A2=0.log
9.1,5.4,35,-74.15309514,-13.03628807,-12.02012975,1,Done,hexacene_theta=35_a=9.1_b=5.4_cx=0_cy=0_cz=0_A1=0_A2=0.log
9.1,5.5,35,-72.6033839,-12.48118645,-11.91025275,1,Done,hexacene_theta=35_a=9.1_b=5.5_cx=0_cy=0_cz=0_A1=0_A2=0.log
4.3,10.5,40,-68.68603978,-14.56251162,-9.890254136,2,Done,hexacene_theta=40_a=4.3_b=10.5_cx=0_cy=0_cz=0_A1=0_A2=0.log
4.3,10.6,40,-68.41292233,-14.56251162,-9.821974773,2,Done,hexacene_theta=40_a=4.3_b=10.6_cx=0_cy=0_cz=0_A1=0_A2=0.log
4.3,10.7,40,-67.89412216,-14.56251162,-9.692274731,2,Done,hexacene_theta=40_a=4.3_b=10.7_cx=0_cy=0_cz=0_A1=0_A2=0.log
4.3,10.4,40,-68.6743179,-14.56251162,-9.887323664,2,Done,hexacene_theta=40_a=4.3_b=10.4_cx=0_cy=0_cz=0_A1=0_A2=0.log
4.4,10.6,40,-69.21234497,-14.75839514,-9.923888672,2,Done,hexacene_theta=40_a=4.4_b=10.6_cx=0_cy=0_cz=0_A1=0_A2=0.log
4.4,10.7,40,-68.5239665,-14.75839514,-9.751794055,2,Done,hexacene_theta=40_a=4.4_b=10.7_cx=0_cy=0_cz=0_A1=0_A2=0.log
4.4,10.8,40,-67.657827,-14.75839514,-9.535259179,2,Done,hexacene_theta=40_a=4.4_b=10.8_cx=0_cy=0_cz=0_A1=0_A2=0.log
4.4,10.5,40,-69.68691824,-14.75839514,-10.04253199,2,Done,hexacene_theta=40_a=4.4_b=10.5_cx=0_cy=0_cz=0_A1=0_A2=0.log
4.4,10.4,40,-69.9107636,-14.75839514,-10.09849333,2,Done,hexacene_theta=40_a=4.4_b=10.4_cx=0_cy=0_cz=0_A1=0_A2=0.log
4.4,10.3,40,-69.84490016,-14.75839514,-10.08202747,2,Done,hexacene_theta=40_a=4.4_b=10.3_cx=0_cy=0_cz=0_A1=0_A2=0.log
4.4,10.2,40,-69.44753572,-14.75839514,-9.982686359,2,Done,hexacene_theta=40_a=4.4_b=10.2_cx=0_cy=0_cz=0_A1=0_A2=0.log
4.5,10.7,40,-68.10314575,-14.49620264,-9.777685117,2,Done,hexacene_theta=40_a=4.5_b=10.7_cx=0_cy=0_cz=0_A1=0_A2=0.log
4.5,10.8,40,-67.11885866,-14.49620264,-9.531613346,1,Done,hexacene_theta=40_a=4.5_b=10.8_cx=0_cy=0_cz=0_A1=0_A2=0.log
4.5,10.9,40,-66.01800532,-14.49620264,-9.25640001,1,Done,hexacene_theta=40_a=4.5_b=10.9_cx=0_cy=0_cz=0_A1=0_A2=0.log
4.5,10.6,40,-68.93808546,-14.49620264,-9.986420044,2,Done,hexacene_theta=40_a=4.5_b=10.6_cx=0_cy=0_cz=0_A1=0_A2=0.log
4.5,10.5,40,-69.58944084,-14.49620264,-10.14925889,2,Done,hexacene_theta=40_a=4.5_b=10.5_cx=0_cy=0_cz=0_A1=0_A2=0.log
4.5,10.4,40,-70.02219684,-14.49620264,-10.25744789,2,Done,hexacene_theta=40_a=4.5_b=10.4_cx=0_cy=0_cz=0_A1=0_A2=0.log
4.5,10.3,40,-70.19988256,-14.49620264,-10.30186932,2,Done,hexacene_theta=40_a=4.5_b=10.3_cx=0_cy=0_cz=0_A1=0_A2=0.log
4.5,10.2,40,-70.08371792,-14.49620264,-10.27282816,2,Done,hexacene_theta=40_a=4.5_b=10.2_cx=0_cy=0_cz=0_A1=0_A2=0.log
4.6,10.8,40,-65.92989036,-13.95962511,-9.502660034,1,Done,hexacene_theta=40_a=4.6_b=10.8_cx=0_cy=0_cz=0_A1=0_A2=0.log
4.6,10.7,40,-67.01252081,-13.95962511,-9.773317648,1,Done,hexacene_theta=40_a=4.6_b=10.7_cx=0_cy=0_cz=0_A1=0_A2=0.log
4.6,10.9,40,-64.75431312,-13.95962511,-9.208765726,2,Done,hexacene_theta=40_a=4.6_b=10.9_cx=0_cy=0_cz=0_A1=0_A2=0.log
4.6,10.6,40,-67.9722597,-13.95962511,-10.01325237,2,Done,hexacene_theta=40_a=4.6_b=10.6_cx=0_cy=0_cz=0_A1=0_A2=0.log
4.6,10.3,40,-69.78701862,-13.95962511,-10.4669421,2,Done,hexacene_theta=40_a=4.6_b=10.3_cx=0_cy=0_cz=0_A1=0_A2=0.log
4.6,10.4,40,-69.39324354,-13.95962511,-10.36849833,2,Done,hexacene_theta=40_a=4.6_b=10.4_cx=0_cy=0_cz=0_A1=0_A2=0.log
4.6,10.5,40,-68.77690322,-13.95962511,-10.21441325,2,Done,hexacene_theta=40_a=4.6_b=10.5_cx=0_cy=0_cz=0_A1=0_A2=0.log
4.6,10.2,40,-69.92213406,-13.95962511,-10.50072096,2,Done,hexacene_theta=40_a=4.6_b=10.2_cx=0_cy=0_cz=0_A1=0_A2=0.log
4.7,10.7,40,-65.48846216,-13.26050994,-9.741860571,2,Done,hexacene_theta=40_a=4.7_b=10.7_cx=0_cy=0_cz=0_A1=0_A2=0.log
4.7,10.8,40,-64.32571124,-13.26050994,-9.451172839,2,Done,hexacene_theta=40_a=4.7_b=10.8_cx=0_cy=0_cz=0_A1=0_A2=0.log
4.7,10.9,40,-63.09079666,-13.26050994,-9.142444194,2,Done,hexacene_theta=40_a=4.7_b=10.9_cx=0_cy=0_cz=0_A1=0_A2=0.log
7,7,40,-67.56538224,-3.256086639,-15.26330224,2,Done,hexacene_theta=40_a=7.0_b=7.0_cx=0_cy=0_cz=0_A1=0_A2=0.log
7.1,6.9,40,-68.3889891,-3.515041191,-15.33972668,2,Done,hexacene_theta=40_a=7.1_b=6.9_cx=0_cy=0_cz=0_A1=0_A2=0.log
7.1,6.8,40,-67.96951123,-3.799416173,-15.09266972,2,Done,hexacene_theta=40_a=7.1_b=6.8_cx=0_cy=0_cz=0_A1=0_A2=0.log
7.2,7,40,-68.71560804,-3.256086639,-15.55085869,1,Done,hexacene_theta=40_a=7.2_b=7.0_cx=0_cy=0_cz=0_A1=0_A2=0.log
7.2,7.1,40,-68.10463922,-3.022025409,-15.5151471,2,Done,hexacene_theta=40_a=7.2_b=7.1_cx=0_cy=0_cz=0_A1=0_A2=0.log
7.2,7.2,40,-67.26063825,-2.807040483,-15.41163932,2,Done,hexacene_theta=40_a=7.2_b=7.2_cx=0_cy=0_cz=0_A1=0_A2=0.log
7.2,6.9,40,-69.04187558,-3.515041191,-15.5029483,2,Done,hexacene_theta=40_a=7.2_b=6.9_cx=0_cy=0_cz=0_A1=0_A2=0.log
7.2,6.8,40,-69.01727723,-3.799416173,-15.35461122,2,Done,hexacene_theta=40_a=7.2_b=6.8_cx=0_cy=0_cz=0_A1=0_A2=0.log
7.2,6.7,40,-68.57490775,-4.110071273,-15.0886913,2,Done,hexacene_theta=40_a=7.2_b=6.7_cx=0_cy=0_cz=0_A1=0_A2=0.log
7.3,6.9,40,-69.2111527,-3.515041191,-15.54526758,2,Done,hexacene_theta=40_a=7.3_b=6.9_cx=0_cy=0_cz=0_A1=0_A2=0.log
7.3,7,40,-68.59700868,-3.256086639,-15.52120885,2,Done,hexacene_theta=40_a=7.3_b=7.0_cx=0_cy=0_cz=0_A1=0_A2=0.log
7.3,7.1,40,-67.74497558,-3.022025409,-15.42523119,2,Done,hexacene_theta=40_a=7.3_b=7.1_cx=0_cy=0_cz=0_A1=0_A2=0.log
7.3,6.8,40,-69.52495791,-3.799416173,-15.48153139,2,Done,hexacene_theta=40_a=7.3_b=6.8_cx=0_cy=0_cz=0_A1=0_A2=0.log
7.3,6.7,40,-69.47412959,-4.110071273,-15.31349676,2,Done,hexacene_theta=40_a=7.3_b=6.7_cx=0_cy=0_cz=0_A1=0_A2=0.log
7.3,6.6,40,-68.9949755,-4.448493691,-15.02449703,2,Done,hexacene_theta=40_a=7.3_b=6.6_cx=0_cy=0_cz=0_A1=0_A2=0.log
7.4,6.7,40,-69.87651411,-4.110071273,-15.41409289,2,Done,hexacene_theta=40_a=7.4_b=6.7_cx=0_cy=0_cz=0_A1=0_A2=0.log
7.4,6.8,40,-69.58924003,-3.799416173,-15.49760192,2,Done,hexacene_theta=40_a=7.4_b=6.8_cx=0_cy=0_cz=0_A1=0_A2=0.log
7.4,6.9,40,-68.98838666,-3.515041191,-15.48957607,2,Done,hexacene_theta=40_a=7.4_b=6.9_cx=0_cy=0_cz=0_A1=0_A2=0.log
7.4,6.6,40,-69.78905174,-4.448493691,-15.22301609,2,Done,hexacene_theta=40_a=7.4_b=6.6_cx=0_cy=0_cz=0_A1=0_A2=0.log
7.4,6.5,40,-69.2689087,-4.81772685,-14.90836375,1,Done,hexacene_theta=40_a=7.4_b=6.5_cx=0_cy=0_cz=0_A1=0_A2=0.log
7.5,6.6,40,-70.12291218,-4.448493691,-15.3064812,2,Done,hexacene_theta=40_a=7.5_b=6.6_cx=0_cy=0_cz=0_A1=0_A2=0.log
7.5,6.7,40,-69.86963659,-4.110071273,-15.41237351,2,Done,hexacene_theta=40_a=7.5_b=6.7_cx=0_cy=0_cz=0_A1=0_A2=0.log
7.5,6.8,40,-69.29323103,-3.799416173,-15.42359967,2,Done,hexacene_theta=40_a=7.5_b=6.8_cx=0_cy=0_cz=0_A1=0_A2=0.log
7.5,6.5,40,-69.99747294,-4.81772685,-15.09050481,1,Done,hexacene_theta=40_a=7.5_b=6.5_cx=0_cy=0_cz=0_A1=0_A2=0.log
7.6,6.5,40,-70.29634338,-4.81772685,-15.16522242,1,Done,hexacene_theta=40_a=7.6_b=6.5_cx=0_cy=0_cz=0_A1=0_A2=0.log
7.6,6.6,40,-70.07622542,-4.448493691,-15.29480951,1,Done,hexacene_theta=40_a=7.6_b=6.6_cx=0_cy=0_cz=0_A1=0_A2=0.log
7.6,6.7,40,-69.52932539,-4.110071273,-15.32729571,1,Done,hexacene_theta=40_a=7.6_b=6.7_cx=0_cy=0_cz=0_A1=0_A2=0.log
8.9,5,40,-74.75072312,-13.77292834,-11.80121661,1,Done,hexacene_theta=40_a=8.9_b=5.0_cx=0_cy=0_cz=0_A1=0_A2=0.log
8.9,5.1,40,-75.4021538,-13.34004684,-12.18051503,1,Done,hexacene_theta=40_a=8.9_b=5.1_cx=0_cy=0_cz=0_A1=0_A2=0.log
8.9,5.2,40,-75.45916938,-12.75926751,-12.48515859,1,Done,hexacene_theta=40_a=8.9_b=5.2_cx=0_cy=0_cz=0_A1=0_A2=0.log
9,4.9,40,-74.48817296,-13.9712717,-11.63640739,1,Done,hexacene_theta=40_a=9.0_b=4.9_cx=0_cy=0_cz=0_A1=0_A2=0.log
9,5,40,-75.52303736,-13.77292834,-11.99429517,1,Done,hexacene_theta=40_a=9.0_b=5.0_cx=0_cy=0_cz=0_A1=0_A2=0.log
9,5.1,40,-75.81186764,-13.34004684,-12.28294349,1,Done,hexacene_theta=40_a=9.0_b=5.1_cx=0_cy=0_cz=0_A1=0_A2=0.log
9,5.2,40,-75.54162418,-12.75926751,-12.50577229,1,Done,hexacene_theta=40_a=9.0_b=5.2_cx=0_cy=0_cz=0_A1=0_A2=0.log
9.1,4.9,40,-75.1752964,-13.9712717,-11.80818825,1,Done,hexacene_theta=40_a=9.1_b=4.9_cx=0_cy=0_cz=0_A1=0_A2=0.log
9.1,5,40,-75.8651558,-13.77292834,-12.07982478,1,Done,hexacene_theta=40_a=9.1_b=5.0_cx=0_cy=0_cz=0_A1=0_A2=0.log
9.1,5.1,40,-75.8417622,-13.34004684,-12.29041713,1,Done,hexacene_theta=40_a=9.1_b=5.1_cx=0_cy=0_cz=0_A1=0_A2=0.log
9.1,5.2,40,-75.29077078,-12.75926751,-12.44305894,1,Done,hexacene_theta=40_a=9.1_b=5.2_cx=0_cy=0_cz=0_A1=0_A2=0.log
9.2,4.9,40,-75.44040684,-13.9712717,-11.87446586,1,Done,hexacene_theta=40_a=9.2_b=4.9_cx=0_cy=0_cz=0_A1=0_A2=0.log
9.2,5,40,-75.8339058,-13.77292834,-12.07201228,1,Done,hexacene_theta=40_a=9.2_b=5.0_cx=0_cy=0_cz=0_A1=0_A2=0.log
9.2,5.1,40,-75.54341888,-13.34004684,-12.2158313,1,Done,hexacene_theta=40_a=9.2_b=5.1_cx=0_cy=0_cz=0_A1=0_A2=0.log
9.3,4.8,40,-74.3199877,-13.82835629,-11.66581878,1,Done,hexacene_theta=40_a=9.3_b=4.8_cx=0_cy=0_cz=0_A1=0_A2=0.log
9.3,4.9,40,-75.34133556,-13.9712717,-11.84969804,1,Done,hexacene_theta=40_a=9.3_b=4.9_cx=0_cy=0_cz=0_A1=0_A2=0.log
9.3,5,40,-75.4817974,-13.77292834,-11.98398518,1,Done,hexacene_theta=40_a=9.3_b=5.0_cx=0_cy=0_cz=0_A1=0_A2=0.log
9.3,5.1,40,-74.96503036,-13.34004684,-12.07123417,1,Done,hexacene_theta=40_a=9.3_b=5.1_cx=0_cy=0_cz=0_A1=0_A2=0.log
9.4,4.8,40,-74.14892846,-13.82835629,-11.62305397,1,Done,hexacene_theta=40_a=9.4_b=4.8_cx=0_cy=0_cz=0_A1=0_A2=0.log
9.4,4.9,40,-74.93116992,-13.9712717,-11.74715663,1,Done,hexacene_theta=40_a=9.4_b=4.9_cx=0_cy=0_cz=0_A1=0_A2=0.log
9.4,5,40,-74.85767596,-13.77292834,-11.82795482,1,Done,hexacene_theta=40_a=9.4_b=5.0_cx=0_cy=0_cz=0_A1=0_A2=0.log
9.4,5.1,40,-74.1515264,-13.34004684,-11.86785818,1,Done,hexacene_theta=40_a=9.4_b=5.1_cx=0_cy=0_cz=0_A1=0_A2=0.log
9.5,4.9,40,-74.25885568,-13.9712717,-11.57907807,1,Done,hexacene_theta=40_a=9.5_b=4.9_cx=0_cy=0_cz=0_A1=0_A2=0.log
9.5,5,40,-74.006672,-13.77292834,-11.61520383,1,Done,hexacene_theta=40_a=9.5_b=5.0_cx=0_cy=0_cz=0_A1=0_A2=0.log
9.5,5.1,40,-73.14414692,-13.34004684,-11.61601331,1,Done,hexacene_theta=40_a=9.5_b=5.1_cx=0_cy=0_cz=0_A1=0_A2=0.log
9.5,4.8,40,-73.67819558,-13.82835629,-11.50537075,1,Done,hexacene_theta=40_a=9.5_b=4.8_cx=0_cy=0_cz=0_A1=0_A2=0.log
9.6,5,40,-72.96989996,-13.77292834,-11.35601082,1,Done,hexacene_theta=40_a=9.6_b=5.0_cx=0_cy=0_cz=0_A1=0_A2=0.log
9.6,5.1,40,-71.9809442,-13.34004684,-11.32521263,1,Done,hexacene_theta=40_a=9.6_b=5.1_cx=0_cy=0_cz=0_A1=0_A2=0.log
9.6,5.2,40,-70.5845713,-12.75926751,-11.26650907,1,Done,hexacene_theta=40_a=9.6_b=5.2_cx=0_cy=0_cz=0_A1=0_A2=0.log
9.6,4.9,40,-73.368921,-13.9712717,-11.3565944,1,Done,hexacene_theta=40_a=9.6_b=4.9_cx=0_cy=0_cz=0_A1=0_A2=0.log
9.6,4.8,40,-72.95588138,-13.82835629,-11.3247922,1,Done,hexacene_theta=40_a=9.6_b=4.8_cx=0_cy=0_cz=0_A1=0_A2=0.log
9.7,5.1,40,-70.69650652,-13.34004684,-11.00410321,2,Done,hexacene_theta=40_a=9.7_b=5.1_cx=0_cy=0_cz=0_A1=0_A2=0.log
9.7,5,40,-71.78496028,-13.77292834,-11.0597759,1,Done,hexacene_theta=40_a=9.7_b=5.0_cx=0_cy=0_cz=0_A1=0_A2=0.log
9.7,5.2,40,-69.21843182,-12.75926751,-10.9249742,1,Done,hexacene_theta=40_a=9.7_b=5.2_cx=0_cy=0_cz=0_A1=0_A2=0.log
9.7,4.9,40,-72.30187792,-13.9712717,-11.08983363,1,Done,hexacene_theta=40_a=9.7_b=4.9_cx=0_cy=0_cz=0_A1=0_A2=0.log
9.8,5,40,-70.48629068,-13.77292834,-10.7351085,1,Done,hexacene_theta=40_a=9.8_b=5.0_cx=0_cy=0_cz=0_A1=0_A2=0.log
9.8,5.1,40,-69.32225964,-13.34004684,-10.66054149,1,Done,hexacene_theta=40_a=9.8_b=5.1_cx=0_cy=0_cz=0_A1=0_A2=0.log
9.8,5.2,40,-67.78391886,-12.75926751,-10.56634596,1,Done,hexacene_theta=40_a=9.8_b=5.2_cx=0_cy=0_cz=0_A1=0_A2=0.log
4.5,10,45,-70.2254473,-13.94963515,-10.58154425,1,Done,hexacene_theta=45_a=4.5_b=10.0_cx=0_cy=0_cz=0_A1=0_A2=0.log
4.5,10.1,45,-69.8663359,-13.94963515,-10.4917664,1,Done,hexacene_theta=45_a=4.5_b=10.1_cx=0_cy=0_cz=0_A1=0_A2=0.log
4.5,10.2,45,-69.25935802,-13.94963515,-10.34002193,1,Done,hexacene_theta=45_a=4.5_b=10.2_cx=0_cy=0_cz=0_A1=0_A2=0.log
4.6,10.1,45,-70.9085296,-14.29662308,-10.57882086,1,Done,hexacene_theta=45_a=4.6_b=10.1_cx=0_cy=0_cz=0_A1=0_A2=0.log
4.6,10.2,45,-70.13804772,-14.29662308,-10.38620039,1,Done,hexacene_theta=45_a=4.6_b=10.2_cx=0_cy=0_cz=0_A1=0_A2=0.log
4.6,10.3,45,-69.18982992,-14.29662308,-10.14914594,1,Done,hexacene_theta=45_a=4.6_b=10.3_cx=0_cy=0_cz=0_A1=0_A2=0.log
4.6,10,45,-71.46304764,-14.29662308,-10.71745037,1,Done,hexacene_theta=45_a=4.6_b=10.0_cx=0_cy=0_cz=0_A1=0_A2=0.log
4.6,9.9,45,-71.7612906,-14.29662308,-10.79201111,1,Done,hexacene_theta=45_a=4.6_b=9.9_cx=0_cy=0_cz=0_A1=0_A2=0.log
4.6,9.8,45,-71.75978456,-14.29662308,-10.7916346,1,Done,hexacene_theta=45_a=4.6_b=9.8_cx=0_cy=0_cz=0_A1=0_A2=0.log
4.6,9.7,45,-71.4106882,-14.29662308,-10.70436051,1,Done,hexacene_theta=45_a=4.6_b=9.7_cx=0_cy=0_cz=0_A1=0_A2=0.log
4.7,10.2,45,-69.98817322,-14.19160301,-10.4012418,1,Done,hexacene_theta=45_a=4.7_b=10.2_cx=0_cy=0_cz=0_A1=0_A2=0.log
4.7,10.3,45,-68.92479478,-14.19160301,-10.13539719,2,Done,hexacene_theta=45_a=4.7_b=10.3_cx=0_cy=0_cz=0_A1=0_A2=0.log
4.7,10.4,45,-67.7456784,-14.19160301,-9.840618095,2,Done,hexacene_theta=45_a=4.7_b=10.4_cx=0_cy=0_cz=0_A1=0_A2=0.log
4.7,10.1,45,-70.90182778,-14.19160301,-10.62965544,1,Done,hexacene_theta=45_a=4.7_b=10.1_cx=0_cy=0_cz=0_A1=0_A2=0.log
4.7,10,45,-71.6296641,-14.19160301,-10.81161452,1,Done,hexacene_theta=45_a=4.7_b=10.0_cx=0_cy=0_cz=0_A1=0_A2=0.log
4.7,9.9,45,-72.13385582,-14.19160301,-10.93766245,1,Done,hexacene_theta=45_a=4.7_b=9.9_cx=0_cy=0_cz=0_A1=0_A2=0.log
4.7,9.8,45,-72.37409174,-14.19160301,-10.99772143,1,Done,hexacene_theta=45_a=4.7_b=9.8_cx=0_cy=0_cz=0_A1=0_A2=0.log
4.7,9.7,45,-72.30664698,-14.19160301,-10.98086024,1,Done,hexacene_theta=45_a=4.7_b=9.7_cx=0_cy=0_cz=0_A1=0_A2=0.log
4.7,9.6,45,-71.88322834,-14.19160301,-10.87500558,1,Done,hexacene_theta=45_a=4.7_b=9.6_cx=0_cy=0_cz=0_A1=0_A2=0.log
4.8,10.3,45,-67.98250066,-13.79649761,-10.09737636,2,Done,hexacene_theta=45_a=4.8_b=10.3_cx=0_cy=0_cz=0_A1=0_A2=0.log
4.8,10.2,45,-69.14306786,-13.79649761,-10.38751816,2,Done,hexacene_theta=45_a=4.8_b=10.2_cx=0_cy=0_cz=0_A1=0_A2=0.log
4.8,10.4,45,-66.7294636,-13.79649761,-9.784117095,2,Done,hexacene_theta=45_a=4.8_b=10.4_cx=0_cy=0_cz=0_A1=0_A2=0.log
4.8,10.1,45,-70.18026658,-13.79649761,-10.64681784,1,Done,hexacene_theta=45_a=4.8_b=10.1_cx=0_cy=0_cz=0_A1=0_A2=0.log
4.8,9.9,45,-71.74743518,-13.79649761,-11.03860999,1,Done,hexacene_theta=45_a=4.8_b=9.9_cx=0_cy=0_cz=0_A1=0_A2=0.log
4.8,10,45,-71.0602615,-13.79649761,-10.86681657,1,Done,hexacene_theta=45_a=4.8_b=10.0_cx=0_cy=0_cz=0_A1=0_A2=0.log
4.8,9.8,45,-72.20426246,-13.79649761,-11.15281681,1,Done,hexacene_theta=45_a=4.8_b=9.8_cx=0_cy=0_cz=0_A1=0_A2=0.log
4.8,9.7,45,-72.39035682,-13.79649761,-11.1993404,1,Done,hexacene_theta=45_a=4.8_b=9.7_cx=0_cy=0_cz=0_A1=0_A2=0.log
4.8,9.6,45,-72.26181766,-13.79649761,-11.16720561,2,Done,hexacene_theta=45_a=4.8_b=9.6_cx=0_cy=0_cz=0_A1=0_A2=0.log
4.9,10.2,45,-67.81431544,-13.21226698,-10.34744537,1,Done,hexacene_theta=45_a=4.9_b=10.2_cx=0_cy=0_cz=0_A1=0_A2=0.log
4.9,10.3,45,-66.57337676,-13.21226698,-10.0372107,1,Done,hexacene_theta=45_a=4.9_b=10.3_cx=0_cy=0_cz=0_A1=0_A2=0.log
4.9,10.4,45,-65.26085176,-13.21226698,-9.709079449,1,Done,hexacene_theta=45_a=4.9_b=10.4_cx=0_cy=0_cz=0_A1=0_A2=0.log
4.9,9.6,45,-72.01509328,-13.21226698,-11.39763983,2,Done,hexacene_theta=45_a=4.9_b=9.6_cx=0_cy=0_cz=0_A1=0_A2=0.log
4.9,9.7,45,-71.8783714,-13.21226698,-11.36345936,2,Done,hexacene_theta=45_a=4.9_b=9.7_cx=0_cy=0_cz=0_A1=0_A2=0.log
4.9,9.8,45,-71.46519372,-13.21226698,-11.26016494,2,Done,hexacene_theta=45_a=4.9_b=9.8_cx=0_cy=0_cz=0_A1=0_A2=0.log
9.6,4.7,45,-71.88081868,-14.19041074,-10.8749993,1,Done,hexacene_theta=45_a=9.6_b=4.7_cx=0_cy=0_cz=0_A1=0_A2=0.log
9.6,4.8,45,-72.25911936,-13.79514846,-11.16720561,1,Done,hexacene_theta=45_a=9.6_b=4.8_cx=0_cy=0_cz=0_A1=0_A2=0.log
9.6,4.9,45,-72.0103995,-13.20992009,-11.39763983,1,Done,hexacene_theta=45_a=9.6_b=4.9_cx=0_cy=0_cz=0_A1=0_A2=0.log
9.7,4.6,45,-71.40679764,-14.2947029,-10.70434796,1,Done,hexacene_theta=45_a=9.7_b=4.6_cx=0_cy=0_cz=0_A1=0_A2=0.log
9.7,4.7,45,-72.30423736,-14.19041074,-10.98085397,1,Done,hexacene_theta=45_a=9.7_b=4.7_cx=0_cy=0_cz=0_A1=0_A2=0.log
9.7,4.8,45,-72.38765852,-13.79514846,-11.1993404,1,Done,hexacene_theta=45_a=9.7_b=4.8_cx=0_cy=0_cz=0_A1=0_A2=0.log
9.7,4.9,45,-71.87365254,-13.20992009,-11.36345309,1,Done,hexacene_theta=45_a=9.7_b=4.9_cx=0_cy=0_cz=0_A1=0_A2=0.log
9.8,4.6,45,-71.75591912,-14.2947029,-10.79162833,1,Done,hexacene_theta=45_a=9.8_b=4.6_cx=0_cy=0_cz=0_A1=0_A2=0.log
9.8,4.7,45,-72.3717072,-14.19041074,-10.99772143,1,Done,hexacene_theta=45_a=9.8_b=4.7_cx=0_cy=0_cz=0_A1=0_A2=0.log
9.8,4.8,45,-72.20153904,-13.79514846,-11.15281053,1,Done,hexacene_theta=45_a=9.8_b=4.8_cx=0_cy=0_cz=0_A1=0_A2=0.log
9.8,4.9,45,-71.46049994,-13.20992009,-11.26016494,1,Done,hexacene_theta=45_a=9.8_b=4.9_cx=0_cy=0_cz=0_A1=0_A2=0.log
9.9,4.6,45,-71.75745024,-14.2947029,-10.79201111,1,Done,hexacene_theta=45_a=9.9_b=4.6_cx=0_cy=0_cz=0_A1=0_A2=0.log
9.9,4.7,45,-72.1314462,-14.19041074,-10.93765618,1,Done,hexacene_theta=45_a=9.9_b=4.7_cx=0_cy=0_cz=0_A1=0_A2=0.log
9.9,4.8,45,-71.74473688,-13.79514846,-11.03860999,1,Done,hexacene_theta=45_a=9.9_b=4.8_cx=0_cy=0_cz=0_A1=0_A2=0.log
10,4.5,45,-70.22663958,-13.95023129,-10.58154425,1,Done,hexacene_theta=45_a=10.0_b=4.5_cx=0_cy=0_cz=0_A1=0_A2=0.log
10,4.6,45,-71.45918216,-14.2947029,-10.71744409,1,Done,hexacene_theta=45_a=10.0_b=4.6_cx=0_cy=0_cz=0_A1=0_A2=0.log
10,4.7,45,-71.62725444,-14.19041074,-10.81160824,1,Done,hexacene_theta=45_a=10.0_b=4.7_cx=0_cy=0_cz=0_A1=0_A2=0.log
10,4.8,45,-71.05753812,-13.79514846,-10.8668103,1,Done,hexacene_theta=45_a=10.0_b=4.8_cx=0_cy=0_cz=0_A1=0_A2=0.log
10.1,4.6,45,-70.90468924,-14.2947029,-10.57882086,1,Done,hexacene_theta=45_a=10.1_b=4.6_cx=0_cy=0_cz=0_A1=0_A2=0.log
10.1,4.7,45,-70.89941816,-14.19041074,-10.62964917,1,Done,hexacene_theta=45_a=10.1_b=4.7_cx=0_cy=0_cz=0_A1=0_A2=0.log
10.1,4.8,45,-70.17756828,-13.79514846,-10.64681784,1,Done,hexacene_theta=45_a=10.1_b=4.8_cx=0_cy=0_cz=0_A1=0_A2=0.log
10.1,4.5,45,-69.86750306,-13.95023129,-10.49176012,1,Done,hexacene_theta=45_a=10.1_b=4.5_cx=0_cy=0_cz=0_A1=0_A2=0.log
10.2,4.7,45,-69.9857636,-14.19041074,-10.40123553,1,Done,hexacene_theta=45_a=10.2_b=4.7_cx=0_cy=0_cz=0_A1=0_A2=0.log
10.2,4.8,45,-69.14036956,-13.79514846,-10.38751816,1,Done,hexacene_theta=45_a=10.2_b=4.8_cx=0_cy=0_cz=0_A1=0_A2=0.log
10.2,4.9,45,-67.80962166,-13.20992009,-10.34744537,1,Done,hexacene_theta=45_a=10.2_b=4.9_cx=0_cy=0_cz=0_A1=0_A2=0.log
10.2,4.6,45,-70.13418224,-14.2947029,-10.38619411,1,Done,hexacene_theta=45_a=10.2_b=4.6_cx=0_cy=0_cz=0_A1=0_A2=0.log
10.2,4.5,45,-69.2605503,-13.95023129,-10.34002193,1,Done,hexacene_theta=45_a=10.2_b=4.5_cx=0_cy=0_cz=0_A1=0_A2=0.log
10.3,4.8,45,-67.97980236,-13.79514846,-10.09737636,1,Done,hexacene_theta=45_a=10.3_b=4.8_cx=0_cy=0_cz=0_A1=0_A2=0.log
10.3,4.7,45,-68.92241024,-14.19041074,-10.13539719,1,Done,hexacene_theta=45_a=10.3_b=4.7_cx=0_cy=0_cz=0_A1=0_A2=0.log
10.3,4.9,45,-66.5687081,-13.20992009,-10.03721698,1,Done,hexacene_theta=45_a=10.3_b=4.9_cx=0_cy=0_cz=0_A1=0_A2=0.log
10.3,4.6,45,-69.18596444,-14.2947029,-10.14913966,1,Done,hexacene_theta=45_a=10.3_b=4.6_cx=0_cy=0_cz=0_A1=0_A2=0.log
10.4,4.7,45,-67.74329386,-14.19041074,-9.840618095,1,Done,hexacene_theta=45_a=10.4_b=4.7_cx=0_cy=0_cz=0_A1=0_A2=0.log
10.4,4.8,45,-66.7267402,-13.79514846,-9.78411082,1,Done,hexacene_theta=45_a=10.4_b=4.8_cx=0_cy=0_cz=0_A1=0_A2=0.log
10.4,4.9,45,-65.25613288,-13.20992009,-9.709073174,1,Done,hexacene_theta=45_a=10.4_b=4.9_cx=0_cy=0_cz=0_A1=0_A2=0.log
